Timestamp,Room_Temp(°C),COP,Power(kW),SupTemp(°C),RetTemp(°C),Amb_Hum(%RH),Amb_Temp(°C)
20/07/2022 10:45,22.5,3.2,13.3,17.03,29.79,39.3,41.42
20/07/2022 11:00,22.5,3.1,13.4,17.03,29.79,39.29,41.42
20/07/2022 11:15,22.5,3.2,13.1,17.03,29.79,,
20/07/2022 11:30,22.5,3.2,13.1,17.03,29.79,37.25,42.43
20/07/2022 11:45,22.5,3.5,13.1,17.03,30.79,37.25,42.43
20/07/2022 12:00,22.5,3.5,13.1,17.03,30.79,37.26,43.43
20/07/2022 12:15,22.5,3.5,13.1,17.03,30.79,41.29,41.38
20/07/2022 12:30,22.5,3.4,13.4,17.03,30.79,43.32,40.37
20/07/2022 12:45,22.5,3.4,13.5,17.03,30.79,42.31,40.37
20/07/2022 13:00,22.5,3.4,13.2,17.03,30.79,44.32,40.37
20/07/2022 13:15,22.5,3.4,13.4,17.03,30.79,46.33,40.37
20/07/2022 13:30,22.5,3.4,13.4,17.03,30.79,47.34,39.36
20/07/2022 13:45,22.5,3.5,13.1,17.03,30.79,49.38,39.36
20/07/2022 14:00,22.5,3.4,13.3,17.03,30.79,48.38,39.36
20/07/2022 14:15,22.5,3.5,13.1,17.03,30.79,49.4,39.36
20/07/2022 14:30,22.5,3.5,13,17.03,30.79,51.43,39.36
20/07/2022 14:45,22.5,3.5,12.8,17.03,30.79,53.44,39.36
20/07/2022 15:00,22.5,3.5,13.1,17.03,30.79,55.45,38.36
20/07/2022 15:15,22.5,3.5,12.9,17.03,30.79,55.49,38.36
20/07/2022 15:30,22.5,3.5,13.1,17.03,30.79,52.43,38.36
20/07/2022 15:45,22.5,3.5,12.9,17.03,30.79,51.4,38.36
20/07/2022 16:00,22.5,3.5,13,17.03,30.79,51.41,38.36
20/07/2022 16:15,22.5,3.4,13.2,17.03,30.79,55.45,38.36
20/07/2022 16:30,22.5,3.5,12.9,17.03,30.79,54.42,38.36
20/07/2022 16:45,22.5,3.2,13,17.03,29.79,56.43,38.36
20/07/2022 17:00,22.5,3.3,13,17.03,29.79,55.41,38.36
20/07/2022 17:15,22.5,3.2,,17.03,29.79,56.46,38.36
20/07/2022 17:30,22.5,3.3,12.8,17.03,29.79,57.47,38.36
20/07/2022 17:45,22.5,3.3,13,17.03,29.79,58.48,37.35
20/07/2022 18:00,22,0,5,17.03,29.79,58.48,37.35
20/07/2022 18:15,22.5,0,13.1,23.04,29.79,58.48,37.35
20/07/2022 18:30,22.5,3,12.7,18,29.79,59.47,36.32
20/07/2022 18:45,22.5,3.2,12.6,16.99,29.29,56.44,36.32
20/07/2022 19:00,,,12.6,,,56.44,36.32
20/07/2022 19:15,22,3.1,,16.99,28.79,54.41,36.32
20/07/2022 19:30,22.5,3,12.9,16.99,28.79,51.38,36.32
20/07/2022 19:45,22.5,3,12.8,16.99,28.79,50.38,36.32
20/07/2022 20:00,22,3.1,12.7,16.99,28.79,48.36,36.32
20/07/2022 20:15,22.5,3,13,16.99,28.79,47.35,36.32
20/07/2022 20:30,22.5,3,13,16.99,28.79,47.35,36.32
20/07/2022 20:45,22.5,3,12.9,16.99,28.79,49.37,36.32
20/07/2022 21:00,22.5,3.1,12.8,16.99,28.79,48.35,36.32
20/07/2022 21:15,22.5,3,,16.99,28.79,47.34,36.32
20/07/2022 21:30,22.5,3,12.9,16.99,28.79,47.34,36.32
20/07/2022 21:45,22.5,3,,16.99,28.79,47.34,36.32
20/07/2022 22:00,22.5,3,13.1,16.99,28.79,47.34,36.32
20/07/2022 22:15,22.5,3,12.8,16.99,28.79,47.34,36.32
20/07/2022 22:30,22.5,3.1,,16.99,28.79,47.34,36.32
20/07/2022 22:45,22.5,3,12.9,16.99,28.79,48.34,36.32
20/07/2022 23:00,22.5,3,13,16.99,28.79,50.35,36.32
20/07/2022 23:15,22.5,3,,16.99,28.79,52.37,36.32
20/07/2022 23:30,22.5,3,12.8,16.99,28.79,53.37,36.32
20/07/2022 23:45,22.5,3.1,12.8,16.99,28.79,53.37,36.32
21/07/2022 0:00,22.5,3,12.8,16.99,28.79,54.37,36.32
21/07/2022 0:15,22.5,3.1,,16.99,28.79,55.41,36.32
21/07/2022 0:30,22.5,3.1,12.8,16.99,28.79,56.42,36.32
21/07/2022 0:45,22.5,3,12.6,16.99,28.79,57.43,36.32
21/07/2022 1:00,22.5,3.1,12.8,16.99,28.79,58.43,36.32
21/07/2022 1:15,22.5,3,,16.99,28.79,58.43,36.32
21/07/2022 1:30,22.5,3.1,12.5,16.99,28.79,60.46,36.32
21/07/2022 1:45,22.5,3.1,12.6,16.99,28.79,62.46,36.32
21/07/2022 2:00,22.5,3.1,12.5,16.99,28.79,62.46,36.32
21/07/2022 2:15,22.5,3.1,12.7,16.99,28.79,63.49,36.32
21/07/2022 2:30,22.5,3.1,12.6,16.99,28.79,64.51,35.3
21/07/2022 2:45,22.5,3.1,12.8,16.99,28.79,64.51,35.3
21/07/2022 3:00,22.5,3.1,12.5,16.99,28.79,64.51,35.3
21/07/2022 3:15,22.5,3.1,12.6,16.99,28.79,64.51,35.3
21/07/2022 3:30,22.5,3.1,12.4,16.99,28.79,64.51,35.3
21/07/2022 3:45,22.5,3.1,12.7,16.99,28.79,64.51,35.3
21/07/2022 4:00,22.5,3.1,12.7,16.99,28.79,64.51,35.3
21/07/2022 4:15,22.5,3.1,12.6,16.99,28.79,63.51,35.3
21/07/2022 4:30,22.5,3.1,12.5,16.99,28.79,62.5,35.3
21/07/2022 4:45,22.5,3.1,12.6,16.99,28.79,60.46,35.3
21/07/2022 5:00,22.5,3.1,,16.99,28.79,59.45,35.3
21/07/2022 5:15,22.5,3.1,12.8,16.99,28.79,58.44,35.3
21/07/2022 5:30,22.5,3.2,12.5,16.99,28.79,57.44,35.3
21/07/2022 5:45,22.5,2.8,12.5,16.99,27.79,57.44,35.3
21/07/2022 6:00,22.5,2.9,,16.99,27.79,59.46,35.3
21/07/2022 6:15,22.5,2.8,12.6,16.99,27.79,61.47,35.3
21/07/2022 6:30,22.5,2.8,,16.99,27.79,62.49,35.3
21/07/2022 6:45,22.5,2.9,12.4,16.99,27.79,62.49,35.3
21/07/2022 7:00,22.5,2.9,,16.99,27.79,62.49,35.3
21/07/2022 7:15,22.5,2.8,12.7,16.99,27.79,61.49,35.3
21/07/2022 7:30,22.5,2.8,12.7,16.99,27.79,58.39,36.31
21/07/2022 7:45,22,2.8,,16.99,27.79,56.39,36.31
21/07/2022 8:00,22,2.8,12.8,16.99,27.79,54.37,37.34
21/07/2022 8:15,22.5,2.8,12.8,16.99,27.79,51.36,38.36
21/07/2022 8:30,22,2.7,12.7,16.99,27.79,50.33,38.36
21/07/2022 8:45,22.5,2.8,13.1,16.99,27.79,48.31,39.39
21/07/2022 9:00,22.5,2.7,12.8,16.99,27.79,44.28,39.39
21/07/2022 9:15,22,0,5,16.99,27.79,44.28,40.41
21/07/2022 9:30,22.5,0,,24.03,28.79,42.23,41.42
21/07/2022 9:45,22.5,2.7,13.2,18,28.79,42.23,41.42
21/07/2022 10:00,22,2.7,13.1,18,28.79,41.22,41.42
21/07/2022 10:15,22.5,3.2,,17,29.79,40.22,41.42
21/07/2022 10:30,22.5,3.1,13.4,17,29.79,39.21,41.42
21/07/2022 10:45,22,3.2,13.3,17,29.79,37.2,42.43
21/07/2022 11:00,22.5,3.2,,17,29.79,35.66,43.43
21/07/2022 11:15,22.5,3.4,13.6,17,30.79,,
21/07/2022 11:30,22.5,3.4,13.4,17,30.79,34.13,43.43
21/07/2022 11:45,22.5,3.3,13.7,17,30.79,33.12,44.43
21/07/2022 12:00,22.5,3.3,13.7,17,30.79,32.1,44.43
21/07/2022 12:15,22.5,3.3,13.8,17,30.79,31.1,45.44
21/07/2022 12:30,22.5,3.6,13.6,17,31.8,30.05,45.44
21/07/2022 12:45,22.5,3.6,13.6,17,31.8,36.14,44.41
21/07/2022 13:00,22.5,3.6,,17,31.8,44.22,42.38
21/07/2022 13:15,22.5,3.6,13.7,17,31.8,50.3,41.38
21/07/2022 13:30,22.5,3.7,13.4,17,31.8,49.29,41.38
21/07/2022 13:45,22.5,3.7,13.5,17,31.8,49.3,40.37
21/07/2022 14:00,22.5,3.6,13.3,17,31.8,50.3,40.37
21/07/2022 14:15,22.5,3.7,13.5,17,31.8,55.36,39.36
21/07/2022 14:30,22.5,3.6,13.3,17,31.8,58.42,39.36
21/07/2022 14:45,22.5,3.7,,17,31.8,56.42,39.36
21/07/2022 15:00,22.5,3.7,13.2,17,31.8,56.4,39.36
21/07/2022 15:15,22.5,3.7,13.1,17,31.8,58.46,39.36
21/07/2022 15:30,22.5,3.7,,17,31.8,56.4,39.36
21/07/2022 15:45,22.5,3.7,13.3,17,31.8,57.39,39.36
21/07/2022 16:00,22.5,3.6,13,17,31.8,57.4,39.36
21/07/2022 16:15,22.5,3.7,13.1,17,31.8,54.41,39.36
21/07/2022 16:30,22.5,3.7,,17,31.8,,
21/07/2022 16:45,22,3.5,13.4,17,31.29,55.47,39.36
21/07/2022 17:00,,,,,,56.48,39.36
21/07/2022 17:15,22,3.5,13.1,17,30.79,55.45,39.36
21/07/2022 17:30,22.5,3.4,13.2,17,30.79,54.43,38.36
21/07/2022 17:45,22,3.5,13.1,17,30.79,53.42,38.36
21/07/2022 18:00,22.5,0,0.1,20.01,30.79,52.41,38.36
21/07/2022 18:15,23.5,0,0.1,23.02,29.79,51.41,38.36
21/07/2022 18:30,24,0,0.1,24.02,29.79,50.38,38.36
21/07/2022 18:45,24,0,0.1,25.02,29.79,48.35,38.36
21/07/2022 19:00,24,0,0.1,26.02,29.79,47.35,38.36
21/07/2022 19:15,24,0,0.1,27.02,29.79,46.34,38.36
21/07/2022 19:30,24,0,0.1,28.02,29.79,44.33,38.36
21/07/2022 19:45,24.5,0,0.1,28.02,30.79,42.3,38.36
21/07/2022 20:00,24.5,0,0.1,29.02,30.79,41.28,38.36
21/07/2022 20:15,24.5,0,0.1,29.02,30.79,43.29,38.36
21/07/2022 20:30,25,0,,30.03,31.79,44.29,38.36
21/07/2022 20:45,25,0,0.1,30.03,31.79,42.26,38.36
21/07/2022 21:00,25,0,0.1,31.03,31.79,43.26,38.36
21/07/2022 21:15,25,0,,31.03,31.79,43.26,38.36
21/07/2022 21:30,25,0,0.1,31.03,32.79,44.27,38.36
21/07/2022 21:45,25,0,0.1,31.03,32.79,44.27,38.36
21/07/2022 22:00,25,0,0.1,32.03,32.79,44.27,38.36
21/07/2022 22:15,25,0,0.1,32.03,32.79,44.27,38.36
21/07/2022 22:30,25.5,0,0.1,32.03,33.79,43.25,38.36
21/07/2022 22:45,25.5,0,0.1,32.03,33.79,43.25,38.36
21/07/2022 23:00,25.5,0,0.1,32.03,33.79,45.3,38.36
21/07/2022 23:15,25.5,0,0.1,33.03,33.79,45.3,38.36
21/07/2022 23:30,25.5,0,0.1,33.03,33.79,46.32,38.36
21/07/2022 23:45,25.5,0,0.1,33.03,33.79,47.32,38.36
22/07/2022 0:00,25.5,0,0.1,33.03,33.79,50.34,38.36
22/07/2022 0:15,25.5,0,0.1,33.03,33.79,54.38,37.35
22/07/2022 0:30,25.5,0,0.1,33.03,34.8,57.43,37.35
22/07/2022 0:45,26,0,0.1,33.03,34.8,58.45,37.35
22/07/2022 1:00,26,0,,33.03,34.8,58.45,37.35
22/07/2022 1:15,25.5,0,0.1,33.03,34.8,60.46,37.35
22/07/2022 1:30,25.5,0,0.1,33.03,34.8,60.46,37.35
22/07/2022 1:45,26,0,0.1,33.03,34.8,61.49,37.35
22/07/2022 2:00,,,,,,61.49,37.35
22/07/2022 2:15,26,0,0.1,33.03,34.8,59.43,37.35
22/07/2022 2:30,26,0,0.1,33.03,34.8,59.43,37.35
22/07/2022 2:45,26,0,0.1,33.03,34.8,59.43,37.35
22/07/2022 3:00,,,0.1,,,60.44,36.32
22/07/2022 3:15,26,0,0.1,33.03,34.8,61.47,36.32
22/07/2022 3:30,26,0,,33.03,34.8,62.51,36.32
22/07/2022 3:45,26,0,0.1,33.03,34.8,62.51,36.32
22/07/2022 4:00,,,0.1,,,62.51,36.32
22/07/2022 4:15,26,0,0.1,33.03,34.8,62.51,36.32
22/07/2022 4:30,26,0,,33.03,34.8,62.51,36.32
22/07/2022 4:45,26,0,0.1,33.03,34.8,63.51,35.3
22/07/2022 5:00,,,0.1,,,63.51,35.3
22/07/2022 5:15,26,0,0.1,33.03,34.8,63.51,35.3
22/07/2022 5:30,26,0,0.1,33.03,34.8,63.51,35.3
22/07/2022 5:45,26,0,0.1,33.03,34.8,63.51,35.3
22/07/2022 6:00,,,0.1,,,63.51,35.3
22/07/2022 6:15,26,0,0.1,33.03,34.8,62.5,35.3
22/07/2022 6:30,26,0,,33.03,34.8,61.49,35.3
22/07/2022 6:45,26,0,0.1,33.03,34.8,59.48,36.31
22/07/2022 7:00,,,0.1,,,57.42,36.31
22/07/2022 7:15,26,0,7.6,33.03,34.8,55.41,37.34
22/07/2022 7:30,26,0,,30.01,34.8,54.4,37.34
22/07/2022 7:45,24.5,3.6,13.1,19.96,34.29,52.39,38.36
22/07/2022 8:00,,,12.9,,,48.33,38.36
22/07/2022 8:15,23.5,3.8,,17.95,32.79,44.27,39.39
22/07/2022 8:30,23,3.8,12.9,17.95,32.79,42.25,40.41
22/07/2022 8:45,23,3.7,12.5,17.95,32.79,41.25,40.41
22/07/2022 9:00,23,3.6,11.8,18.96,31.79,40.23,41.42
22/07/2022 9:15,,,5,,,39.23,41.42
22/07/2022 9:30,23.5,0,,23.98,31.79,39.23,41.42
22/07/2022 9:45,23.3,3.1,13.5,18.95,31.79,38.23,42.43
22/07/2022 10:00,,,,,,36.18,42.43
22/07/2022 10:15,23,3.4,9.1,17.95,31.79,35.17,43.43
22/07/2022 10:30,23.5,0,13.4,24.99,31.79,34.17,43.43
22/07/2022 10:45,23.3,3.3,13.3,18.44,31.79,34.17,44.43
22/07/2022 11:00,,,12.1,,,32.65,44.43
22/07/2022 11:15,23.5,0,4.6,18.93,31.79,,
22/07/2022 11:30,23,0,13.8,22.94,31.79,32.15,45.44
22/07/2022 11:45,23.3,3.1,13.5,19.41,32.29,34.19,44.41
22/07/2022 12:00,,,4.9,,,34.19,44.41
22/07/2022 12:15,23,0,13.9,23.93,32.79,36.21,43.39
22/07/2022 12:30,24,3.1,,19.91,32.79,37.21,43.39
22/07/2022 12:45,23.3,3.4,13.5,18.91,32.79,37.21,43.39
22/07/2022 13:00,,,,,,38.22,43.39
22/07/2022 13:15,23,0,2.4,22.93,32.79,40.26,42.38
22/07/2022 13:30,23,3.5,12.2,19.91,32.79,39.26,42.38
22/07/2022 13:45,23.5,0,3.6,22.93,32.79,44.31,42.38
22/07/2022 14:00,,,,,,47.32,41.38
22/07/2022 14:15,23.5,3.4,13.4,18.88,32.79,47.32,41.38
22/07/2022 14:30,23,3.4,13.5,18.88,32.79,49.33,41.38
22/07/2022 14:45,23.8,1.6,9.2,22.37,32.79,50.33,40.37
22/07/2022 15:00,,,,,,50.33,40.37
22/07/2022 15:15,23,3.5,13.3,18.84,32.79,49.3,40.37
22/07/2022 15:30,23,3.4,13.4,18.84,32.79,49.3,40.37
22/07/2022 15:45,23,0,7.4,19.84,32.79,49.3,40.37
22/07/2022 16:00,,,,,,49.3,40.37
22/07/2022 16:15,23.5,0,4.9,23.85,32.79,50.31,40.37
22/07/2022 16:30,24,3.1,13.7,19.81,32.79,50.31,40.37
22/07/2022 16:45,23,3.3,13.4,18.8,32.29,51.33,39.36
22/07/2022 17:00,,,,,,52.36,39.36
22/07/2022 17:15,23,3.2,11.3,20.8,31.78,53.37,39.36
22/07/2022 17:30,23,0,2.3,18.79,31.78,55.38,39.36
22/07/2022 17:45,23.8,1.6,9.3,22.29,31.78,56.38,38.36
22/07/2022 18:00,,,,,,57.4,38.36
22/07/2022 18:15,23,0,3.7,20.78,31.78,60.41,38.36
22/07/2022 18:30,23,0,13.2,21.79,30.78,59.4,38.36
22/07/2022 18:45,23.3,2.9,13,19.26,30.78,58.39,38.36
22/07/2022 19:00,,,,,,55.37,38.36
22/07/2022 19:15,23,3,13.2,18.76,30.78,53.33,38.36
22/07/2022 19:30,23,3.3,,17.76,30.78,50.31,38.36
22/07/2022 19:45,23.3,0,7.1,19.79,30.78,50.31,38.36
22/07/2022 20:00,,,12.8,,,49.31,38.36
22/07/2022 20:15,24,2,13.2,22.8,30.78,48.29,38.36
22/07/2022 20:30,23.5,3,13.1,18.78,30.78,48.29,38.36
22/07/2022 20:45,23,3.1,13.2,18.28,30.78,49.29,38.36
22/07/2022 21:00,,,4.8,,,48.29,38.36
22/07/2022 21:15,24,0,13,24.79,30.78,53.38,38.36
22/07/2022 21:30,23.5,3.1,13,18.78,30.78,56.4,38.36
22/07/2022 21:45,23,3,13,18.78,30.78,57.41,38.36
22/07/2022 22:00,,,13,,,58.41,38.36
22/07/2022 22:15,23,3.3,13.1,17.78,30.78,58.41,38.36
22/07/2022 22:30,23,3.3,,17.78,30.78,59.41,38.36
22/07/2022 22:45,23,0,7,18.79,29.78,59.41,38.36
22/07/2022 23:00,,,5,,,60.42,37.35
22/07/2022 23:15,24,0,,24.81,29.78,60.42,37.35
22/07/2022 23:30,23.5,2.8,12.9,18.77,29.78,61.44,37.35
22/07/2022 23:45,23,3,12.9,18.27,29.78,62.46,37.35
23/07/2022 0:00,,,,,,62.46,37.35
23/07/2022 0:15,23,3.1,12.7,17.77,29.78,62.46,37.35
23/07/2022 0:30,23,3,13.1,17.77,29.78,62.46,37.35
23/07/2022 0:45,23,0,6.9,18.77,29.78,62.46,36.32
23/07/2022 1:00,,,,,,63.46,36.32
23/07/2022 1:15,24,2.1,12,22.77,29.78,63.46,36.32
23/07/2022 1:30,23,2.8,12.6,18.76,29.78,63.46,36.32
23/07/2022 1:45,23,3.2,12.5,17.76,29.78,63.46,36.32
23/07/2022 2:00,,,4.7,,,63.46,36.32
23/07/2022 2:15,23.5,0,12.7,23.79,29.78,63.46,36.32
23/07/2022 2:30,24,2.9,12.8,18.78,29.78,63.46,36.32
23/07/2022 2:45,23,3,12.8,18.28,29.78,62.44,36.32
23/07/2022 3:00,,,,,,61.43,36.32
23/07/2022 3:15,23,3.1,12.7,17.78,29.78,61.43,36.32
23/07/2022 3:30,23,3.2,11.3,18.79,29.78,61.43,36.32
23/07/2022 3:45,23.3,0,4.7,20.79,29.78,61.43,36.32
23/07/2022 4:00,,,,,,61.43,36.32
23/07/2022 4:15,23.5,2.8,12.9,18.77,29.78,62.46,36.32
23/07/2022 4:30,23,2.9,12.7,18.77,29.78,62.46,36.32
23/07/2022 4:45,23.5,1.5,8.8,21.28,29.78,63.46,36.32
23/07/2022 5:00,,,12.5,,,63.46,36.32
23/07/2022 5:15,23.5,2.9,12.6,18.76,29.78,63.46,36.32
23/07/2022 5:30,23,0,5,17.76,29.78,64.47,35.3
23/07/2022 5:45,23.8,1.4,12.7,21.78,29.78,64.47,35.3
23/07/2022 6:00,,,,,,64.47,35.3
23/07/2022 6:15,23,2.9,12.6,18.76,29.78,63.45,35.3
23/07/2022 6:30,23,0,2.4,18.76,28.78,61.43,36.31
23/07/2022 6:45,23,1.6,11.2,19.77,28.78,59.42,36.31
23/07/2022 7:00,,,,,,57.37,36.31
23/07/2022 7:15,23.5,0,9,24.8,28.78,56.36,37.34
23/07/2022 7:30,23,0,2.1,18.75,28.78,53.34,37.34
23/07/2022 7:45,23,0,13,21.76,28.78,52.34,38.36
23/07/2022 8:00,23.5,0,2.2,19.74,28.78,48.28,38.36
23/07/2022 8:15,22.5,0,11.8,19.74,28.78,46.26,39.39
23/07/2022 8:30,23,0,5.1,18.74,28.78,41.2,40.41
23/07/2022 8:45,23.5,1.4,13.1,21.25,29.28,39.18,40.41
23/07/2022 9:00,,,13.4,,,38.18,41.42
23/07/2022 9:15,22.5,0,4.9,18.74,29.78,37.14,41.42
23/07/2022 9:30,24,0,13.5,24.76,29.78,36.13,42.43
23/07/2022 9:45,23.5,2.7,12.2,18.73,29.78,36.13,42.43
23/07/2022 10:00,23,2.7,,19.74,29.78,35.12,43.43
23/07/2022 10:15,23,0,7.8,21.74,30.78,34.12,43.43
23/07/2022 10:30,24,2.2,,21.72,30.78,33.1,43.43
23/07/2022 10:45,23,2.9,13.6,18.71,30.78,34.11,43.43
23/07/2022 11:00,23,0,2.4,21.72,30.78,34.61,43.43
23/07/2022 11:15,23,3.5,12.4,18.7,31.78,,
23/07/2022 11:30,24,0,4.6,25.72,31.78,36.11,43.43
23/07/2022 11:45,23.5,2.9,13.6,19.67,31.78,37.13,43.43
23/07/2022 12:00,23,3.2,13.4,18.67,31.78,35.12,43.43
23/07/2022 12:15,23,3.3,12.2,19.67,31.78,38.16,43.43
23/07/2022 12:30,23,3.5,12.5,18.67,31.78,37.13,43.43
23/07/2022 12:45,23.5,0,5.1,24.7,32.79,38.14,43.43
23/07/2022 13:00,23.5,3.1,13.9,19.67,32.79,41.17,42.42
23/07/2022 13:15,23,3.4,13.6,18.67,32.79,41.19,42.42
23/07/2022 13:30,23,3.4,13.6,18.67,32.79,44.2,42.42
23/07/2022 13:45,23.5,0,4.9,24.68,32.79,45.2,41.38
23/07/2022 14:00,23.5,3.2,13.3,19.66,32.79,46.2,41.38
23/07/2022 14:15,23,3.5,13.3,18.66,32.79,49.23,41.38
23/07/2022 14:30,23,0,2.4,18.66,32.79,51.25,40.37
23/07/2022 14:45,23,3.9,12.1,18.66,32.79,52.26,39.36
23/07/2022 15:00,23.5,0,4.9,24.67,32.79,52.25,39.36
23/07/2022 15:15,23.5,3.5,13.5,18.65,32.79,51.24,39.36
23/07/2022 15:30,23,3.3,13,18.65,31.78,49.21,39.36
23/07/2022 15:45,23,0,7,20.16,31.78,49.22,39.36
23/07/2022 16:00,,,13.4,,,49.22,39.36
23/07/2022 16:15,24,2.7,13.2,20.63,31.78,49.22,39.36
23/07/2022 16:30,23.5,3.3,13.2,18.63,31.78,50.22,39.36
23/07/2022 16:45,22.5,0,4.7,18.63,31.78,49.19,39.36
23/07/2022 17:00,24,0,13.3,25.64,31.78,49.17,39.36
23/07/2022 17:15,23.5,3,,19.62,31.78,49.17,39.36
23/07/2022 17:30,23,3.3,12.6,18.61,31.78,50.17,39.36
23/07/2022 17:45,23,0,2.3,19.62,31.78,50.17,39.36
23/07/2022 18:00,23,0,13.2,21.64,30.78,52.18,39.36
23/07/2022 18:15,24,2.5,13.2,20.62,30.78,55.16,38.36
23/07/2022 18:30,23.5,3,,18.61,30.78,57.19,38.36
23/07/2022 18:45,23,3.1,13,18.61,30.78,57.19,38.36
23/07/2022 19:00,23,3.1,,18.61,30.78,58.21,37.35
23/07/2022 19:15,23,2.9,11.7,19.61,29.78,59.23,37.35
23/07/2022 19:30,23,3.4,,17.6,29.78,58.22,37.35
23/07/2022 19:45,23.5,0,9.1,24.63,29.78,54.16,37.35
23/07/2022 20:00,23.5,2.8,13.4,18.59,29.78,51.14,37.35
23/07/2022 20:15,23,0,5,18.59,29.78,50.13,37.35
23/07/2022 20:30,23,0,13,22.61,29.78,51.13,37.35
23/07/2022 20:45,24,2.6,13.2,19.57,29.78,51.13,37.35
23/07/2022 21:00,23.5,2.8,,18.56,29.78,50.13,37.35
23/07/2022 21:15,23,2.8,9.2,18.56,29.78,49.12,37.35
23/07/2022 21:30,23,0,13.3,19.56,29.78,50.15,37.35
23/07/2022 21:45,24,2.5,13.1,19.55,29.78,50.15,37.35
23/07/2022 22:00,23,2.8,12.9,18.55,29.78,50.15,37.35
23/07/2022 22:15,23,2.9,13.1,18.55,29.78,49.15,37.35
23/07/2022 22:30,23,3.1,13.1,17.55,29.78,49.15,37.35
23/07/2022 22:45,23,3.1,,17.55,29.78,48.14,37.35
23/07/2022 23:00,23,3.2,11.6,18.56,29.78,47.14,37.35
23/07/2022 23:15,23.5,0,5.1,23.58,29.78,46.14,37.35
23/07/2022 23:30,24,2.8,13.1,18.52,29.78,46.14,37.35
23/07/2022 23:45,23,2.8,13.1,18.52,29.78,46.14,37.35
24/07/2022 0:00,23,3.2,11.5,18.53,29.78,46.14,37.35
24/07/2022 0:15,23,3.4,11.8,17.53,29.78,46.14,37.35
24/07/2022 0:30,23,3.4,11.7,17.53,29.78,48.17,37.35
24/07/2022 0:45,23,0,7.7,21.55,29.78,50.18,37.35
24/07/2022 1:00,24,2.6,13,19.53,29.78,53.2,37.35
24/07/2022 1:15,23.5,3.1,,17.52,29.78,57.24,37.35
24/07/2022 1:30,23,3.1,12.9,17.52,29.78,59.26,36.32
24/07/2022 1:45,23.5,0,8.9,22.53,29.78,60.27,36.32
24/07/2022 2:00,24,2.6,12.8,19.48,29.78,61.28,36.32
24/07/2022 2:15,23,2.9,12.7,18.48,29.78,62.29,36.32
24/07/2022 2:30,23,0,4.9,17.48,29.78,63.29,36.32
24/07/2022 2:45,23.5,0,12.6,23.5,29.78,63.29,36.32
24/07/2022 3:00,23.5,3,12.7,18.49,29.78,65.34,35.3
24/07/2022 3:15,23,2.7,,18.49,28.78,65.34,35.3
24/07/2022 3:30,23,2.9,12.8,17.49,28.78,66.35,35.3
24/07/2022 3:45,23,0,6.7,20.5,28.78,66.35,35.3
24/07/2022 4:00,23,0,2.3,18.5,28.78,67.35,35.3
24/07/2022 4:15,22.5,0,4.9,17.5,28.78,67.35,35.3
24/07/2022 4:30,24,0,,24.52,28.78,67.35,35.3
24/07/2022 4:45,23.5,2.7,12.6,18.5,28.78,67.35,35.3
24/07/2022 5:00,23,2.7,12.7,18.5,28.78,67.35,35.3
24/07/2022 5:15,23,3,12.6,17.5,28.78,67.35,35.3
24/07/2022 5:30,23,0,2.2,19.51,28.78,67.35,35.3
24/07/2022 5:45,24,2.2,12.5,20.49,28.78,67.35,35.3
24/07/2022 6:00,23.5,2.7,12.6,18.48,28.78,67.35,35.3
24/07/2022 6:15,23,2.7,12.7,18.48,28.78,65.33,35.3
24/07/2022 6:30,23,2.9,,17.48,28.78,63.31,36.31
24/07/2022 6:45,23,0,4.9,21.49,28.78,61.3,36.31
24/07/2022 7:00,24,2.4,12.8,19.47,28.78,60.3,36.31
24/07/2022 7:15,23,2.7,12.8,18.46,28.78,55.22,37.34
24/07/2022 7:30,22.5,3,11.4,18.45,28.78,52.19,38.36
24/07/2022 7:45,23,0,2.1,21.47,28.78,48.13,38.36
24/07/2022 8:00,24,2.1,13.1,20.44,28.78,46.12,38.36
24/07/2022 8:15,23,2.6,13,18.43,28.78,45.11,38.36
24/07/2022 8:30,23,2.9,11.9,18.42,28.78,45.11,38.36
24/07/2022 8:45,23.5,0,4.8,24.46,28.78,42.06,39.39
24/07/2022 9:00,23,2.3,13.4,19.41,28.78,40.05,40.41
24/07/2022 9:15,23,0,5.7,21.43,28.78,39.04,40.41
24/07/2022 9:30,23,0,7.8,20.42,29.78,38.03,41.42
24/07/2022 9:45,24,1.8,13.3,22.43,29.78,37.03,41.42
24/07/2022 10:00,23,2.6,12.2,19.41,29.78,36,42.43
24/07/2022 10:15,23,2.8,,19.41,29.78,36,42.43
24/07/2022 10:30,23,0,2.3,21.43,30.78,34.98,43.43
24/07/2022 10:45,24,2.2,13.7,21.41,30.78,33.97,43.43
24/07/2022 11:00,23,2.8,13.5,19.41,30.78,32.96,43.93
24/07/2022 11:15,23,0,4.9,23.42,30.78,,
24/07/2022 11:30,24,2.8,13.4,20.38,31.78,35.98,44.43
24/07/2022 11:45,23.5,3,13.6,19.37,31.78,37.99,42.38
24/07/2022 12:00,23,3.3,13.5,18.37,31.78,37.99,42.38
24/07/2022 12:15,23.5,3.3,12.4,19.38,31.78,37.99,42.38
24/07/2022 12:30,23,0,2.1,21.4,31.78,43.06,42.38
24/07/2022 12:45,24,2.3,13.5,22.38,31.78,40,42.38
24/07/2022 13:00,23,3,13.7,19.36,31.78,42,42.38
24/07/2022 13:15,23,3.3,13.4,18.36,31.78,43.01,42.38
24/07/2022 13:30,23,0,2.2,20.37,31.78,46.02,41.38
24/07/2022 13:45,24,1.9,12.9,24.37,31.78,44.99,41.38
24/07/2022 14:00,23.5,3,13.7,19.35,31.78,43.97,41.38
24/07/2022 14:15,23.5,3.4,13.2,18.35,31.78,45.98,41.38
24/07/2022 14:30,23.5,3.4,12.2,19.36,31.78,44.96,41.38
24/07/2022 14:45,23,0,2.2,19.37,31.78,44.95,41.38
24/07/2022 15:00,24,0,4.8,25.39,31.78,46.96,41.38
24/07/2022 15:15,23.5,3,13.4,19.35,31.78,47.96,40.37
24/07/2022 15:30,23,3.3,13.5,18.35,31.78,,
24/07/2022 15:45,23,3.3,12.7,18.85,31.78,48.96,40.37
24/07/2022 16:00,,,,,,47.9,40.37
24/07/2022 16:15,23,0,3.6,20.35,31.78,48.91,40.37
24/07/2022 16:30,24,0,13.4,24.35,31.78,48.91,40.37
24/07/2022 16:45,23.5,3.1,,19.33,31.78,47.87,40.37
24/07/2022 17:00,23,3.3,13.4,18.32,31.78,47.86,40.37
24/07/2022 17:15,23,3.4,12,19.32,31.78,48.87,39.36
24/07/2022 17:30,23,0,2.4,21.33,31.78,48.87,39.36
24/07/2022 17:45,24,2.9,13.1,20.31,31.78,49.91,39.36
24/07/2022 18:00,23,3.4,13.1,18.31,31.78,50.93,38.36
24/07/2022 18:15,23,0,7.6,20.32,30.78,50.93,38.36
24/07/2022 18:30,24,2.4,,21.31,30.78,54.98,38.36
24/07/2022 18:45,23.5,3.2,12.8,18.3,30.78,56.99,38.36
24/07/2022 19:00,23,0,7.5,18.3,30.78,56.99,38.36
24/07/2022 19:15,23,0,,19.31,30.78,53.97,38.36
24/07/2022 19:30,23,3.2,11.6,18.31,29.78,52.96,38.36
24/07/2022 19:45,23.5,0,9.1,23.34,29.78,49.95,38.36
24/07/2022 20:00,24,2.6,13.1,19.29,29.78,47.9,38.36
24/07/2022 20:15,23,2.9,,18.29,29.78,46.89,38.36
24/07/2022 20:30,23.5,0,4.9,22.3,29.78,45.89,38.36
24/07/2022 20:45,24,2.6,13.1,19.28,29.78,45.89,38.36
24/07/2022 21:00,23,2.9,12.9,18.28,29.78,47.92,38.36
24/07/2022 21:15,23,2.9,,18.28,29.78,47.92,38.36
24/07/2022 21:30,23,2.9,12.5,18.28,29.78,47.92,38.36
24/07/2022 21:45,23,0,2.2,19.28,29.78,47.92,38.36
24/07/2022 22:00,23,0,,19.28,29.78,47.92,38.36
24/07/2022 22:15,24,1.9,13.1,22.28,29.78,48.93,38.36
24/07/2022 22:30,23.5,2.9,13,18.28,29.78,49.93,38.36
24/07/2022 22:45,23,3.1,11.9,18.27,29.78,49.93,38.36
24/07/2022 23:00,,,,,,51.99,38.36
24/07/2022 23:15,23,0,7.6,19.27,29.78,53.01,38.36
24/07/2022 23:30,24,1.9,,22.27,29.78,53.01,38.36
24/07/2022 23:45,23.3,2.9,13,18.26,29.78,54.01,38.36
25/07/2022 0:00,,,13,,,55.02,38.36
25/07/2022 0:15,23,0,2.3,18.26,29.78,58.04,38.36
25/07/2022 0:30,23,0,12.9,20.26,29.78,58.04,37.35
25/07/2022 0:45,23.8,2.7,13.1,19.25,29.78,59.05,37.35
25/07/2022 1:00,,,,,,61.09,37.35
25/07/2022 1:15,23,3,12.9,18.24,29.78,62.1,37.35
25/07/2022 1:30,23,2.9,11.5,18.24,29.78,63.1,37.35
25/07/2022 1:45,23,3.3,11.5,18.23,29.78,63.1,37.35
25/07/2022 2:00,,,,,,63.1,37.35
25/07/2022 2:15,23,0,5.1,23.26,29.78,63.1,37.35
25/07/2022 2:30,23.5,2.7,12.9,19.25,29.78,64.11,37.35
25/07/2022 2:45,23,3,12.7,18.24,29.78,64.11,37.35
25/07/2022 3:00,,,5.1,,,64.11,37.35
25/07/2022 3:15,23.5,0,12.9,24.27,29.78,64.11,36.32
25/07/2022 3:30,23.5,2.7,,19.23,29.78,61.1,36.32
25/07/2022 3:45,23.3,3,12.7,18.22,29.78,57.08,36.32
25/07/2022 4:00,,,4.7,,,53.02,36.32
25/07/2022 4:15,24,0,,25.26,29.78,50,36.32
25/07/2022 4:30,23.5,2.7,12.8,19.23,29.78,49,36.32
25/07/2022 4:45,23.3,3,11.5,18.73,29.78,47.96,36.32
25/07/2022 5:00,,,11.6,,,47.96,36.32
25/07/2022 5:15,23,0,5,18.23,28.78,47.96,36.32
25/07/2022 5:30,23.5,0,12.8,24.27,28.78,47.96,36.32
25/07/2022 5:45,23.3,2.6,13.1,18.73,28.78,47.96,36.32
25/07/2022 6:00,,,,,,47.96,36.32
25/07/2022 6:15,23.5,0,4.9,23.25,28.78,46.92,36.32
25/07/2022 6:30,24,2.5,12.8,19.23,28.78,45.92,36.32
25/07/2022 6:45,23,0,7.6,18.73,28.78,43.91,37.34
25/07/2022 7:00,,,,,,42.9,37.34
25/07/2022 7:15,23,0,7.6,22.24,28.78,41.89,38.36
25/07/2022 7:30,23.5,2.4,12.9,19.21,28.78,50.03,38.36
25/07/2022 7:45,23,0,2.2,20.71,28.78,51.05,38.36
25/07/2022 8:00,,,,,,48.04,38.36
25/07/2022 8:15,24,0,9.9,23.2,28.78,43.97,39.39
25/07/2022 8:30,23,2.7,13.2,18.17,28.78,41.97,39.39
25/07/2022 8:45,23.3,1.3,8.9,21.18,28.78,38.96,40.41
25/07/2022 9:00,,,,,,37.92,41.42
25/07/2022 9:15,23,2.6,13.3,18.17,28.78,39.92,41.42
25/07/2022 9:30,23,2.9,11.9,19.17,29.79,47.08,41.42
25/07/2022 9:45,23.3,0,6.9,22.18,29.79,46.07,41.42
25/07/2022 10:00,,,,,,48.08,41.42
25/07/2022 10:15,23,2.9,12.1,19.14,29.79,49.09,40.41
25/07/2022 10:30,23,0,2.3,20.16,30.79,49.09,40.41
25/07/2022 10:45,23.8,1.4,9.2,22.15,30.79,49.09,40.41
25/07/2022 11:00,,,,,,47.09,40.41
25/07/2022 11:15,23,3.1,13.3,18.13,30.79,,
25/07/2022 11:30,23.5,0,4.8,25.16,30.79,47.09,40.41
25/07/2022 11:45,23.3,3,13.5,18.6,30.79,48.09,40.41
25/07/2022 12:00,,,,,,49.09,40.41
25/07/2022 12:15,24,0,4.9,25.13,31.79,49.09,40.41
25/07/2022 12:30,23.5,3.1,13.3,19.09,31.79,48.06,40.41
25/07/2022 12:45,23,3.3,13.2,18.59,31.79,45.02,40.41
25/07/2022 13:00,,,,,,46.07,40.41
25/07/2022 13:15,23,3.4,12.2,19.09,31.79,50.13,40.41
25/07/2022 13:30,23,0,2.1,21.1,31.79,53.2,40.41
25/07/2022 13:45,23.8,2.8,13.3,20.58,31.79,52.17,40.41
25/07/2022 14:00,,,13.4,,,52.19,40.41
25/07/2022 14:15,23,0,2.3,18.08,31.79,54.24,40.41
25/07/2022 14:30,24,0,13.1,25.1,31.79,53.19,39.4
25/07/2022 14:45,23.3,3.1,13.7,19.08,31.79,52.16,39.4
25/07/2022 15:00,,,13.1,,,54.17,39.4
25/07/2022 15:15,23,0,2.3,18.08,31.79,53.16,39.4
25/07/2022 15:30,23,0,,19.08,31.79,53.16,39.4
25/07/2022 15:45,23,3.6,12.2,18.58,31.79,54.17,39.4
25/07/2022 16:00,,,2.2,,,52.14,39.4
25/07/2022 16:15,23,0,13.6,22.09,31.79,52.14,39.4
25/07/2022 16:30,24,2.8,13.5,20.07,31.79,52.14,39.4
25/07/2022 16:45,23.3,3.2,13.5,18.56,31.79,52.17,39.4
25/07/2022 17:00,,,,,,53.18,39.4
25/07/2022 17:15,23,0,7.6,20.07,31.79,54.19,39.4
25/07/2022 17:30,24,2,13.2,24.07,31.79,55.2,38.38
25/07/2022 17:45,23,0,2.2,20.03,31.29,56.21,38.38
25/07/2022 18:00,,,13.4,,,56.21,38.38
25/07/2022 18:15,24,2.2,13.1,22.02,30.79,56.21,38.38
25/07/2022 18:30,23,3,12.9,19.01,30.79,58.18,38.38
25/07/2022 18:45,23,3.3,12.8,18.01,30.79,59.19,38.38
25/07/2022 19:00,,,,,,60.19,37.35
25/07/2022 19:15,23,0,6.9,19.01,29.79,60.19,37.35
25/07/2022 19:30,23,0,13,20.01,29.79,58.13,37.35
25/07/2022 19:45,23.5,2.4,12.9,20.49,29.79,54.1,37.35
25/07/2022 20:00,,,13.2,,,53.09,37.35
25/07/2022 20:15,23,2.9,,17.98,29.79,52.08,37.35
25/07/2022 20:30,23.5,0,9,25.01,29.79,51.04,37.35
25/07/2022 20:45,23.3,2.8,13.3,18.46,29.79,51.04,37.35
25/07/2022 21:00,,,13,,,52.04,37.35
25/07/2022 21:15,23,0,2.4,17.96,29.79,51.01,37.35
25/07/2022 21:30,23,0,,20.97,29.79,47.99,37.35
25/07/2022 21:45,23.3,1.7,8.3,20.46,29.79,48.98,37.35
25/07/2022 22:00,,,,,,61.07,37.35
25/07/2022 22:15,24,2.7,13.4,18.94,29.79,64.1,37.35
25/07/2022 22:30,23.5,2.7,13.3,18.94,29.79,67.13,36.32
25/07/2022 22:45,23,3,13,17.93,29.79,68.14,36.32
25/07/2022 23:00,,,,,,69.15,36.32
25/07/2022 23:15,24,0,5.1,24.96,29.79,69.15,35.3
25/07/2022 23:30,23.5,2.8,12.9,18.94,29.79,69.15,35.3
25/07/2022 23:45,23,3,12.9,17.93,29.79,69.15,35.3
26/07/2022 0:00,,,,,,68.12,35.3
26/07/2022 0:15,23,0,2.2,19.94,28.79,68.12,35.3
26/07/2022 0:30,24,2,12.9,20.94,28.79,67.12,35.3
26/07/2022 0:45,23.3,2.7,12.9,18.43,28.79,66.11,35.3
26/07/2022 1:00,,,,,,65.11,35.3
26/07/2022 1:15,23,2.8,11.5,18.94,28.79,65.11,35.3
26/07/2022 1:30,23,3.1,11.4,17.93,28.79,65.11,35.3
26/07/2022 1:45,23.5,1.3,9,21.44,28.79,65.11,35.3
26/07/2022 2:00,,,,,,63.09,35.3
26/07/2022 2:15,23,2.7,13.1,17.92,28.79,62.08,35.3
26/07/2022 2:30,23,0,5.3,21.94,28.79,62.08,35.3
26/07/2022 2:45,24,2.3,12.7,19.9,28.79,62.08,35.3
26/07/2022 3:00,23.5,2.8,12.9,17.9,28.79,62.08,35.3
26/07/2022 3:15,23,0,2.2,20.92,28.79,62.08,35.3
26/07/2022 3:30,23,3.2,11.3,17.9,28.79,62.08,35.3
26/07/2022 3:45,23.5,0,5.1,24.94,28.79,62.08,35.3
26/07/2022 4:00,23.5,2.5,12.8,18.89,28.79,60.03,35.3
26/07/2022 4:15,23,2.8,12.7,17.89,28.79,59.03,35.3
26/07/2022 4:30,23.5,0,5,23.9,28.79,59.03,35.3
26/07/2022 4:45,23.5,2.5,13,18.87,28.79,59.03,35.3
26/07/2022 5:00,23,2.6,12.7,18.87,28.79,60.04,35.3
26/07/2022 5:15,23,2.8,13,17.87,28.79,61.05,35.3
26/07/2022 5:30,23,2.9,9.5,18.88,28.79,61.05,35.3
26/07/2022 5:45,23,0,12.8,21.9,28.79,60.03,35.3
26/07/2022 6:00,24,2.6,,18.88,28.79,58.02,35.3
26/07/2022 6:15,23.5,2.5,12.9,18.88,28.79,57.01,35.3
26/07/2022 6:30,23,2.8,,17.88,28.79,56,35.3
26/07/2022 6:45,23,0,6.9,18.88,28.79,56,35.3
26/07/2022 7:00,22.5,0,12.7,20.88,28.79,56,35.3
26/07/2022 7:15,24,0,2.2,20.85,28.79,56,35.3
26/07/2022 7:30,23,0,12.9,21.86,28.79,56,35.3
26/07/2022 7:45,24,2.3,12.8,19.83,28.79,58.04,35.3
26/07/2022 8:00,23,2.6,11.6,18.83,28.79,58.04,35.3
26/07/2022 8:15,23,0,4.9,18.84,28.79,57.04,35.3
26/07/2022 8:30,23.5,0,,24.86,28.79,56.03,36.31
26/07/2022 8:45,23.5,2.5,12.2,18.84,28.79,56.03,36.31
26/07/2022 9:00,23,0,7.8,18.84,28.79,54.03,36.31
26/07/2022 9:15,23,0,13.1,21.85,28.79,55.04,36.31
26/07/2022 9:30,24,2.2,,19.84,28.79,55.04,36.31
26/07/2022 9:45,23,2.6,12.8,18.83,28.79,57.09,36.31
26/07/2022 10:00,22.5,2.8,13.1,17.83,28.79,56.07,36.31
26/07/2022 10:15,22.5,2.8,13,17.83,28.79,56.07,36.31
26/07/2022 10:30,22.5,2.8,13.1,17.83,28.79,57.09,36.31
26/07/2022 10:45,22.5,2.7,13.2,17.83,28.79,55.07,37.34
26/07/2022 11:00,22.5,2.7,13.1,17.83,28.79,54.05,37.34
26/07/2022 11:15,22.5,2.7,13.2,17.83,28.79,,
26/07/2022 11:30,22.5,2.8,13,17.83,28.79,55.06,37.34
26/07/2022 11:45,22.5,2.7,13.3,17.83,28.79,56.06,37.34
26/07/2022 12:00,22.5,2.8,13.1,17.83,28.79,57.07,37.34
26/07/2022 12:15,22.5,2.8,12.8,17.83,28.79,59.08,36.32
26/07/2022 12:30,22.5,3.1,12.9,16.83,28.79,59.08,36.32
26/07/2022 12:45,22.5,3,13.1,16.83,28.79,59.08,36.32
26/07/2022 13:00,22.5,3,13,16.83,28.79,58.08,36.32
26/07/2022 13:15,22.5,3,,16.83,28.79,59.08,35.3
26/07/2022 13:30,22.5,3.1,12.8,16.83,28.79,59.08,35.3
26/07/2022 13:45,22.5,3.1,12.9,16.83,28.79,59.08,35.3
26/07/2022 14:00,22.5,3,13,16.83,28.79,57.07,35.3
26/07/2022 14:15,22.5,3,,16.83,28.79,56.07,35.3
26/07/2022 14:30,22.5,3.1,12.8,16.83,28.79,54.05,36.31
26/07/2022 14:45,22.5,3,13,16.83,28.79,54.05,36.31
26/07/2022 15:00,22.5,3,13,16.83,28.79,54.05,36.31
26/07/2022 15:15,22.5,3,12.8,16.83,28.79,55.09,36.31
26/07/2022 15:30,22,3.1,,16.83,28.79,56.12,36.31
26/07/2022 15:45,22.5,3,13,16.83,28.79,56.12,36.31
26/07/2022 16:00,22.5,3,13,16.83,28.79,56.12,36.31
26/07/2022 16:15,22.5,3,12.8,16.83,28.79,55.11,36.31
26/07/2022 16:30,22.5,3.1,,16.83,28.79,55.11,36.31
26/07/2022 16:45,22.5,3.1,12.7,16.83,28.79,56.13,36.31
26/07/2022 17:00,22.5,3.1,12.7,16.83,28.79,57.14,35.3
26/07/2022 17:15,22.5,3.1,12.9,16.83,28.79,57.14,35.3
26/07/2022 17:30,22,3.1,12.8,16.83,28.79,57.14,35.3
26/07/2022 17:45,22.3,2.8,12.8,16.83,27.79,56.12,35.3
26/07/2022 18:00,,,0.1,,,53.11,35.3
26/07/2022 18:15,22.5,0,0.1,19.84,27.79,53.11,35.3
26/07/2022 18:30,23,0,0.1,21.85,27.79,53.11,35.3
26/07/2022 18:45,23.5,0,,22.86,27.79,53.11,35.3
26/07/2022 19:00,24,0,0.1,23.86,27.79,53.11,35.3
26/07/2022 19:15,24,0,0.1,24.86,27.79,53.11,35.3
26/07/2022 19:30,24,0,0.1,24.86,27.79,53.11,35.3
26/07/2022 19:45,24.5,0,0.1,25.86,28.79,53.11,35.3
26/07/2022 20:00,24.5,0,0.1,26.86,28.79,53.11,35.3
26/07/2022 20:15,25,0,0.1,27.87,28.79,53.11,35.3
26/07/2022 20:30,25,0,0.1,27.87,29.79,53.11,35.3
26/07/2022 20:45,25,0,0.1,28.87,29.79,53.11,35.3
26/07/2022 21:00,25,0,,28.87,29.79,53.11,35.3
26/07/2022 21:15,25,0,0.1,28.87,29.79,52.09,35.3
26/07/2022 21:30,25,0,0.1,29.87,30.79,51.06,35.3
26/07/2022 21:45,25,0,0.1,29.87,30.79,51.06,35.3
26/07/2022 22:00,25,0,,29.87,30.79,51.06,35.3
26/07/2022 22:15,25.5,0,0.1,29.87,30.79,51.06,35.3
26/07/2022 22:30,25.5,0,,30.87,31.79,52.07,35.3
26/07/2022 22:45,25.5,0,0.1,30.87,31.79,55.13,35.3
26/07/2022 23:00,25.5,0,0.1,30.87,31.79,56.15,35.3
26/07/2022 23:15,25.5,0,0.1,30.87,31.79,56.15,35.3
26/07/2022 23:30,25.5,0,0.1,30.87,31.79,56.15,35.3
26/07/2022 23:45,25.5,0,0.1,30.87,31.79,58.18,34.29
27/07/2022 0:00,26,0,0.1,30.87,31.79,59.18,34.29
27/07/2022 0:15,26,0,0.1,30.87,31.79,60.19,34.29
27/07/2022 0:30,26,0,0.1,30.87,31.79,60.19,33.29
27/07/2022 0:45,26,0,0.1,30.87,31.79,60.19,33.29
27/07/2022 1:00,26,0,0.1,30.87,31.79,60.19,33.29
27/07/2022 1:15,26,0,,30.87,31.79,60.19,33.29
27/07/2022 1:30,26,0,0.1,30.87,31.79,60.19,33.29
27/07/2022 1:45,26,0,0.1,30.87,31.79,60.19,33.29
27/07/2022 2:00,26,0,0.1,30.87,31.79,61.19,33.29
27/07/2022 2:15,26,0,0.1,30.87,31.79,61.19,33.29
27/07/2022 2:30,26,0,0.1,30.87,31.79,62.22,33.29
27/07/2022 2:45,26,0,,30.87,31.79,63.24,33.29
27/07/2022 3:00,26,0,0.1,30.87,31.79,64.25,32.27
27/07/2022 3:15,26,0,0.1,30.87,31.79,64.25,32.27
27/07/2022 3:30,26,0,0.1,30.87,31.79,64.25,32.27
27/07/2022 3:45,26,0,0.1,30.87,31.79,65.25,32.27
27/07/2022 4:00,26,0,0.1,30.87,31.79,65.25,32.27
27/07/2022 4:15,26,0,0.1,30.87,31.79,66.25,32.27
27/07/2022 4:30,26,0,,30.87,31.79,,
27/07/2022 4:45,26,0,0.1,30.87,31.79,67.26,32.27
27/07/2022 5:00,26,0,0.1,30.87,31.79,67.26,32.27
27/07/2022 5:15,26,0,0.1,30.87,31.79,67.26,32.27
27/07/2022 5:30,26,0,,30.87,31.79,,
27/07/2022 5:45,26,0,0.1,30.87,31.79,67.26,32.27
27/07/2022 6:00,26,0,,30.87,31.79,67.26,32.27
27/07/2022 6:15,26,0,0.1,30.87,31.79,67.26,32.27
27/07/2022 6:30,26,0,0.1,30.87,31.79,67.26,32.27
27/07/2022 6:45,26,0,,30.87,31.79,67.26,32.27
27/07/2022 7:00,26,0,0.1,30.87,31.79,67.26,32.27
27/07/2022 7:15,26,0,0.1,30.87,31.79,67.26,32.27
27/07/2022 7:30,26,0,0.1,30.87,31.79,67.26,32.27
27/07/2022 7:45,26,0,,30.87,31.79,67.26,32.27
27/07/2022 8:00,25.5,0,2.3,28.87,31.79,65.23,33.27
27/07/2022 8:15,25.5,0,2.1,28.87,31.79,64.23,33.27
27/07/2022 8:30,25,0,,27.87,31.79,64.23,33.27
27/07/2022 8:45,25,0,2.2,27.87,31.79,64.23,33.27
27/07/2022 9:00,25,0,2.4,27.87,31.79,62.22,33.27
27/07/2022 9:15,25,0,2.2,27.87,31.79,61.22,34.27
27/07/2022 9:30,25,0,2.3,27.87,31.79,60.22,34.27
27/07/2022 9:45,25,0,2.2,27.87,31.79,59.19,34.27
27/07/2022 10:00,25,0,2.3,27.87,31.79,60.2,34.27
27/07/2022 10:15,25,0,,27.87,31.79,59.19,34.27
27/07/2022 10:30,25,0,2.3,27.87,31.79,,
27/07/2022 10:45,25,0,2.4,27.87,31.79,64.26,34.27
27/07/2022 11:00,25,0,2.4,27.87,31.79,62.26,34.27
27/07/2022 11:15,25,0,,27.87,31.79,,
27/07/2022 11:30,25.5,0,2.2,27.87,31.79,59.22,34.27
27/07/2022 11:45,25.5,0,6.9,27.87,31.79,58.2,34.27
27/07/2022 12:00,25,3.1,15.5,20.81,31.79,58.2,34.27
27/07/2022 12:15,24,2.6,13.1,18.81,30.79,60.21,34.27
27/07/2022 12:30,24,3,,18.81,30.79,60.21,34.27
27/07/2022 12:45,23.5,3.4,12.8,17.81,30.79,60.21,34.27
27/07/2022 13:00,23.5,3.4,12.7,17.81,30.79,61.25,34.27
27/07/2022 13:15,23,3.1,12.8,17.81,29.79,62.26,34.27
27/07/2022 13:30,23,3.1,12.9,17.81,29.79,65.27,34.27
27/07/2022 13:45,22.5,3.1,12.9,17.81,29.79,67.29,34.27
27/07/2022 14:00,23,3.1,,17.81,29.79,69.3,33.27
27/07/2022 14:15,22.5,2.8,12.7,17.81,28.79,69.3,33.27
27/07/2022 14:30,22.5,2.9,12.7,17.81,28.79,71.33,33.27
27/07/2022 14:45,22.5,2.9,12.6,17.81,28.79,71.33,33.27
27/07/2022 15:00,22.5,2.9,,17.81,28.79,71.33,32.27
27/07/2022 15:15,22.5,2.9,12.5,17.81,28.79,82.94,31.25
27/07/2022 15:30,22.5,2.9,,17.81,28.79,,
27/07/2022 15:45,22.5,3,12.1,16.81,27.79,87.49,30.23
27/07/2022 16:00,22.5,3,12,16.81,27.79,87.49,30.23
27/07/2022 16:15,22.5,3,11.9,16.81,27.79,85.97,30.23
27/07/2022 16:30,22.5,2.7,12.1,16.81,26.78,,
27/07/2022 16:45,22.5,2.7,12.1,16.81,26.78,82.43,30.23
27/07/2022 17:00,22.5,2.7,12.4,16.81,26.78,83.45,30.23
27/07/2022 17:15,22.5,2.7,12.1,16.81,26.78,83.48,30.23
27/07/2022 17:30,22.5,2.7,12.2,16.81,26.78,,
27/07/2022 17:45,22.3,2.7,12.2,16.81,26.78,82.47,30.23
27/07/2022 18:00,,,,,,82.47,30.23
27/07/2022 18:15,22,2.4,12.1,16.81,25.78,83.51,30.23
27/07/2022 18:30,22,2.5,12.1,16.81,25.78,83.51,30.23
27/07/2022 18:45,22,2.5,,16.81,25.78,84.51,30.23
27/07/2022 19:00,22,2.5,12,16.81,25.78,85.52,30.23
27/07/2022 19:15,22,2.4,12.1,16.81,25.78,87.02,30.23
27/07/2022 19:30,22.5,2.4,12.2,16.81,25.78,87.52,30.23
27/07/2022 19:45,22,2.4,,16.81,25.78,87.52,30.23
27/07/2022 20:00,22.5,2.5,11.9,16.81,25.78,,
27/07/2022 20:15,22,2.5,11.9,16.81,25.78,88.52,30.23
27/07/2022 20:30,22,2.5,,16.81,25.78,89.53,30.23
27/07/2022 20:45,22,2.4,12,16.81,25.78,89.53,30.23
27/07/2022 21:00,22,2.5,12,16.81,25.78,,
27/07/2022 21:15,22.5,2.5,,16.81,25.78,89.53,30.23
27/07/2022 21:30,22.5,2.5,12,16.81,25.78,89.53,30.23
27/07/2022 21:45,22.5,2.5,12.1,16.81,25.78,88.53,30.23
27/07/2022 22:00,22,2.4,12.2,16.81,25.78,,
27/07/2022 22:15,22.5,2.4,12,16.81,25.78,87.52,30.23
27/07/2022 22:30,22,2.5,12.1,16.81,25.78,86.52,30.23
27/07/2022 22:45,22,2.4,,16.81,25.78,,
27/07/2022 23:00,22.5,2.5,11.9,16.81,25.78,86.02,30.23
27/07/2022 23:15,22,2.5,,16.81,25.78,85.51,30.23
27/07/2022 23:30,22,2.5,11.8,16.81,25.78,84.5,30.23
27/07/2022 23:45,22,2.5,11.9,16.81,25.78,83.5,30.23
28/07/2022 0:00,22.5,2.5,11.8,16.81,25.78,83.5,30.23
28/07/2022 0:15,22,2.5,12,16.81,25.78,83.5,30.23
28/07/2022 0:30,22,2.5,11.8,16.81,25.78,83.5,30.23
28/07/2022 0:45,22,2.5,,16.81,25.78,83.5,30.23
28/07/2022 1:00,22,2.5,12.1,16.81,25.78,83.5,30.23
28/07/2022 1:15,22.5,2.4,11.9,16.81,25.78,83.5,30.23
28/07/2022 1:30,22,2.5,12.1,16.81,25.78,83.5,30.23
28/07/2022 1:45,22.5,2.4,12.1,16.81,25.78,,
28/07/2022 2:00,22.5,2.4,11.9,16.81,25.78,83.5,30.23
28/07/2022 2:15,22,2.5,,16.81,25.78,83.5,30.23
28/07/2022 2:30,22,2.5,12,16.81,25.78,83.5,30.23
28/07/2022 2:45,22,2.5,,16.81,25.78,82.46,30.23
28/07/2022 3:00,22.5,2.4,12.2,16.81,25.78,82.46,30.23
28/07/2022 3:15,22.5,2.5,12,16.81,25.78,82.46,30.23
28/07/2022 3:30,22,2.5,,16.81,25.78,82.46,30.23
28/07/2022 3:45,22,2.5,12.1,16.81,25.78,,
28/07/2022 4:00,22,2.4,,16.81,25.78,82.46,30.23
28/07/2022 4:15,22,2.5,12,16.81,25.78,82.46,30.23
28/07/2022 4:30,22.5,2.5,11.9,16.81,25.78,82.46,30.23
28/07/2022 4:45,22,2.5,12.1,16.81,25.78,82.46,30.23
28/07/2022 5:00,22,2.4,,16.81,25.78,82.46,30.23
28/07/2022 5:15,22,2.4,12.2,16.81,25.78,82.46,30.23
28/07/2022 5:30,22,2.4,12.1,16.81,25.78,81.44,30.23
28/07/2022 5:45,22,2.4,12.2,16.81,25.78,,
28/07/2022 6:00,22,2.5,12,16.81,25.78,80.42,30.23
28/07/2022 6:15,22,2.5,11.9,16.81,25.78,78.4,30.23
28/07/2022 6:30,22,2.5,12,16.81,25.78,76.38,31.24
28/07/2022 6:45,22,2.4,12.2,16.81,25.78,76.38,31.24
28/07/2022 7:00,21.5,2.4,12.3,16.81,25.78,76.38,31.24
28/07/2022 7:15,22,2.4,12.2,16.81,25.78,75.38,31.24
28/07/2022 7:30,21.5,2.4,12.3,16.81,25.78,73.37,31.24
28/07/2022 7:45,21.5,2.5,12,16.81,25.78,71.36,32.26
28/07/2022 8:00,21.5,2.4,12.4,16.81,25.78,71.34,32.26
28/07/2022 8:15,22,2.4,12.4,16.81,25.78,72.34,32.26
28/07/2022 8:30,22,2.4,12.4,16.81,25.78,,
28/07/2022 8:45,22,2.4,12.4,16.81,25.78,73.86,32.26
28/07/2022 9:00,22,2.4,12.3,16.81,25.78,,
28/07/2022 9:15,22,2.4,12.2,16.81,25.78,74.39,32.26
28/07/2022 9:30,22,2.4,12.3,16.81,25.78,70.86,32.26
28/07/2022 9:45,21.5,2.4,12.3,16.81,25.78,67.33,33.26
28/07/2022 10:00,22,2.4,12.5,16.81,25.78,67.31,33.26
28/07/2022 10:15,22,2.4,,16.81,25.78,67.31,33.26
28/07/2022 10:30,22,2.7,12.4,16.81,26.78,67.31,33.26
28/07/2022 10:45,22,2.6,12.5,16.81,26.78,65.29,33.26
28/07/2022 11:00,,,,,,64.28,33.26
28/07/2022 11:15,22,2.7,12.3,16.81,26.78,63.26,34.27
28/07/2022 11:30,22,2.6,12.7,16.81,26.78,62.26,34.27
28/07/2022 11:45,21.8,2.6,12.7,16.81,26.78,58.2,35.29
28/07/2022 12:00,,,,,,59.2,35.29
28/07/2022 12:15,21.5,2.6,12.6,16.81,26.78,58.18,35.29
28/07/2022 12:30,21.5,2.8,12.9,16.81,27.78,,
28/07/2022 12:45,22,2.8,12.7,16.81,27.78,57.17,35.29
28/07/2022 13:00,,,12.9,,,,
28/07/2022 13:15,22,2.8,12.8,16.81,27.78,58.19,35.29
28/07/2022 13:30,22,2.8,13,16.81,27.78,,
28/07/2022 13:45,21.8,2.8,12.8,16.81,27.78,57.17,35.29
28/07/2022 14:00,,,12.9,,,57.17,35.29
28/07/2022 14:15,22,2.8,,16.81,27.78,55.66,35.29
28/07/2022 14:30,21.5,2.9,12.6,16.81,27.78,55.16,36.31
28/07/2022 14:45,21.5,2.9,12.7,16.81,27.78,,
28/07/2022 15:00,,,,,,54.15,36.31
28/07/2022 15:15,21.5,2.8,13,16.81,27.78,54.15,36.31
28/07/2022 15:30,22,2.8,12.8,16.81,27.78,56.19,36.31
28/07/2022 15:45,21.8,2.8,12.9,16.81,27.78,,
28/07/2022 16:00,,,13,,,56.18,36.31
28/07/2022 16:15,22,2.8,,16.81,27.78,56.18,35.3
28/07/2022 16:30,22,2.8,12.6,16.81,27.78,56.18,35.3
28/07/2022 16:45,21.8,2.8,12.9,16.81,27.78,58.19,35.3
28/07/2022 17:00,,,12.8,,,59.19,35.3
28/07/2022 17:15,21.5,2.8,12.6,16.81,27.78,59.19,34.29
28/07/2022 17:30,21.5,2.9,13,16.81,27.78,60.2,34.29
28/07/2022 17:45,22,2.8,12.6,16.81,27.78,61.25,34.29
28/07/2022 18:00,,,12.8,,,62.26,33.29
28/07/2022 18:15,21.5,2.8,12.7,16.81,27.78,,
28/07/2022 18:30,22,2.9,12.3,16.81,27.78,62.26,33.29
28/07/2022 18:45,22,2.9,12.4,16.81,27.78,63.77,33.29
28/07/2022 19:00,,,12.5,,,64.27,33.29
28/07/2022 19:15,22.5,2.9,,16.81,27.78,,
28/07/2022 19:30,22.5,2.9,12.5,16.81,27.78,65.27,32.27
28/07/2022 19:45,22.3,2.8,12.3,16.81,27.28,66.29,32.27
28/07/2022 20:15,22.5,2.6,12.4,16.81,26.78,67.29,32.27
28/07/2022 20:30,22.5,2.7,12.2,16.81,26.78,67.29,32.27
28/07/2022 20:45,22.5,2.7,12.2,16.81,26.78,67.29,32.27
28/07/2022 21:00,,,12.2,,,67.29,32.27
28/07/2022 21:15,22.5,2.7,12.3,16.81,26.78,67.29,32.27
28/07/2022 21:30,22.5,2.7,12.1,16.81,26.78,,
28/07/2022 21:45,22.5,2.7,12.3,16.81,26.78,68.29,31.25
28/07/2022 22:00,,,12.5,,,69.33,31.25
28/07/2022 22:15,22.5,2.6,12.2,16.81,26.78,69.33,31.25
28/07/2022 22:30,22.5,2.7,12.3,16.81,26.78,69.33,31.25
28/07/2022 22:45,22.3,2.7,12.1,16.81,26.78,,
28/07/2022 23:00,,,,,,69.33,31.25
28/07/2022 23:15,22.5,2.7,12.3,16.81,26.78,,
28/07/2022 23:30,22.5,2.7,12.1,16.81,26.78,69.33,31.25
28/07/2022 23:45,22.5,2.6,12.4,16.81,26.78,69.33,31.25
29/07/2022 0:00,,,,,,69.33,31.25
29/07/2022 0:15,22.5,2.7,12.1,16.81,26.78,69.33,31.25
29/07/2022 0:30,22.5,2.6,12.4,16.81,26.78,69.33,31.25
29/07/2022 0:45,22.3,2.7,12.2,16.81,26.78,,
29/07/2022 1:00,,,,,,69.33,31.25
29/07/2022 1:15,22.5,2.7,12.2,16.81,26.78,,
29/07/2022 1:30,22.5,2.7,12.2,16.81,26.78,69.84,31.25
29/07/2022 1:45,22.5,2.7,12.3,16.81,26.78,,
29/07/2022 2:00,,,,,,71.37,31.25
29/07/2022 2:15,22,2.7,12,16.81,26.78,71.37,31.25
29/07/2022 2:30,22.5,2.6,12.4,16.81,26.78,71.37,31.25
29/07/2022 2:45,22.3,2.4,12.2,16.81,25.78,72.38,31.25
29/07/2022 3:15,22.5,2.4,12.2,16.81,25.78,72.88,30.74
29/07/2022 3:30,22,2.4,12.3,16.81,25.78,73.38,30.23
29/07/2022 3:45,22.3,2.4,12.2,16.81,25.78,73.38,30.23
29/07/2022 4:15,22.5,2.4,12.4,16.81,25.78,73.38,30.23
29/07/2022 4:30,22.5,2.5,12,16.81,25.78,73.38,30.23
29/07/2022 4:45,22.3,2.4,12.1,16.81,25.78,,
29/07/2022 5:00,,,,,,73.38,30.23
29/07/2022 5:15,22.5,2.4,12.1,16.81,25.78,73.38,30.23
29/07/2022 5:30,22.5,2.5,12.1,16.81,25.78,73.38,30.23
29/07/2022 5:45,22.5,2.4,12.1,16.81,25.78,72.36,30.23
29/07/2022 6:00,,,12,,,71.36,30.23
29/07/2022 6:15,22,2.5,12.2,16.81,25.78,70.36,30.23
29/07/2022 6:30,22.5,2.4,12.2,16.81,25.78,69.35,30.23
29/07/2022 6:45,22.3,2.4,12.4,16.81,25.78,68.35,31.24
29/07/2022 7:00,,,12.4,,,68.35,31.24
29/07/2022 7:15,22,2.4,,16.81,25.78,67.33,31.24
29/07/2022 7:30,22,2.4,12.2,16.81,25.78,65.3,32.26
29/07/2022 7:45,21.8,2.4,12.3,16.81,25.78,64.3,32.26
29/07/2022 8:00,,,,,,64.3,32.26
29/07/2022 8:15,22,2.4,12.3,16.81,25.78,62.28,33.26
29/07/2022 8:30,22,2.4,12.4,16.81,25.78,60.27,33.26
29/07/2022 8:45,22,2.4,12.6,16.81,25.78,60.27,33.26
29/07/2022 9:00,,,,,,58.22,33.76
29/07/2022 9:15,22.5,0,2.2,23.83,26.78,56.19,34.27
29/07/2022 9:30,23,0,2.3,24.83,26.78,55.19,34.27
29/07/2022 9:45,23.8,0,7.4,25.84,27.78,55.19,35.29
29/07/2022 10:00,,,11.6,,,54.18,35.29
29/07/2022 10:15,24,0,2.2,20.82,28.78,52.17,35.29
29/07/2022 10:30,23.5,0,,25.85,28.78,51.17,36.31
29/07/2022 10:45,24,0,4.8,26.85,29.78,49.12,36.31
29/07/2022 11:00,,,13.1,,,48.11,36.31
29/07/2022 11:15,23.5,2.5,13,19.79,29.78,47.11,37.34
29/07/2022 11:30,23,2.8,,18.79,29.78,,
29/07/2022 11:45,22.8,2.8,13.1,18.79,29.78,48.1,37.34
29/07/2022 12:00,,,,,,47.08,37.34
29/07/2022 12:15,22.5,2.7,13.4,18.79,29.78,47.08,38.36
29/07/2022 12:30,22.5,3.3,13.1,17.79,30.79,47.08,38.36
29/07/2022 12:45,22.5,3.2,13.5,17.79,30.79,46.07,38.36
29/07/2022 13:00,,,,,,45.06,38.36
29/07/2022 13:15,22.5,3.3,13.1,17.79,30.79,,
29/07/2022 13:30,22.5,3.2,13.2,17.79,30.79,46.59,38.36
29/07/2022 13:45,22.5,3.3,12.8,17.79,30.79,,
29/07/2022 14:00,22.5,3.3,13.1,17.79,30.79,46.1,38.36
29/07/2022 14:15,22.5,3.3,13.1,17.79,30.79,46.1,38.36
29/07/2022 14:30,22.5,3.3,13.1,17.79,30.79,47.1,38.36
29/07/2022 14:45,22.5,3.3,13,17.79,30.79,,
29/07/2022 15:00,22.5,3.3,12.9,17.79,30.79,47.1,38.36
29/07/2022 15:15,22.5,3.3,13,17.79,30.79,50.12,38.36
29/07/2022 15:30,22.5,3.3,12.9,17.79,30.79,52.63,38.36
29/07/2022 15:45,22.3,3.3,13.1,17.79,30.79,59.19,37.35
29/07/2022 16:00,,,,,,61.22,37.35
29/07/2022 16:15,22.5,3.3,12.9,17.79,30.79,,
29/07/2022 16:30,22,3.3,13.1,17.79,30.79,64.23,35.81
29/07/2022 16:45,22.5,3.3,12.9,17.79,30.79,,
29/07/2022 17:00,22.5,3.3,12.8,17.79,30.79,64.23,35.3
29/07/2022 17:15,22,3,13.1,17.79,29.78,66.24,35.3
29/07/2022 17:30,22.5,3.1,12.8,17.79,29.78,69.29,34.29
29/07/2022 17:45,22.5,3.1,12.8,17.79,29.78,71.3,34.29
29/07/2022 18:00,22.5,3.1,12.9,17.79,29.78,69.27,34.29
29/07/2022 18:15,22,3.1,13,17.79,29.78,67.26,34.29
29/07/2022 18:30,22,2.9,12.6,17.79,28.78,64.22,34.29
29/07/2022 18:45,22.5,2.8,12.9,17.79,28.78,59.2,34.29
29/07/2022 19:00,22.5,2.8,12.6,17.79,28.78,,
29/07/2022 19:15,22.5,2.9,12.7,17.79,28.78,59.71,34.29
29/07/2022 19:30,22.5,2.9,12.7,17.79,28.78,62.23,34.29
29/07/2022 19:45,22.5,2.9,12.8,17.79,28.78,63.24,34.29
29/07/2022 20:00,22.5,2.8,12.7,17.79,28.78,,
29/07/2022 20:15,22.5,2.9,12.5,17.79,28.78,63.74,34.29
29/07/2022 20:30,22.5,2.9,12.4,17.79,28.78,,
29/07/2022 20:45,22.5,2.6,12.6,17.79,27.78,64.24,34.29
29/07/2022 21:00,22.5,2.6,12.6,17.79,27.78,65.27,33.29
29/07/2022 21:15,22.5,2.6,12.7,17.79,27.78,66.29,33.29
29/07/2022 21:30,22.5,2.6,12.7,17.79,27.78,67.3,33.29
29/07/2022 21:45,22.5,2.6,12.5,17.79,27.78,67.3,33.29
29/07/2022 22:00,22.5,2.6,,17.79,27.78,,
29/07/2022 22:15,22.5,2.7,12.4,17.79,27.78,67.3,33.29
29/07/2022 22:30,22.5,2.6,12.6,17.79,27.78,68.3,33.29
29/07/2022 22:45,22.5,2.6,12.7,17.79,27.78,68.3,33.29
29/07/2022 23:00,22.5,2.6,12.6,17.79,27.78,,
29/07/2022 23:15,22.5,2.6,12.5,17.79,27.78,68.3,32.78
29/07/2022 23:30,22.5,2.6,12.3,17.79,27.78,69.31,32.27
29/07/2022 23:45,22.5,2.7,12.6,17.79,27.78,69.31,32.27
30/07/2022 0:00,22.5,2.6,12.3,17.79,27.78,69.31,32.27
30/07/2022 0:15,22.5,3,12.6,16.78,27.78,70.31,32.27
30/07/2022 0:30,22.5,2.6,,16.78,26.78,70.31,32.27
30/07/2022 0:45,22.5,2.7,12.4,16.78,26.78,70.31,32.27
30/07/2022 1:00,22.5,2.6,12.6,16.78,26.78,70.31,32.27
30/07/2022 1:15,22.5,2.6,12.4,16.78,26.78,71.32,32.27
30/07/2022 1:30,22.5,2.6,12.6,16.78,26.78,71.32,32.27
30/07/2022 1:45,22.5,2.6,12.4,16.78,26.78,,
30/07/2022 2:00,22.5,2.7,12.5,16.78,26.78,71.32,32.27
30/07/2022 2:15,22.5,2.6,12.5,16.78,26.78,,
30/07/2022 2:30,22.5,2.6,12.3,16.78,26.78,71.32,32.27
30/07/2022 2:45,22.5,2.7,12.4,16.78,26.78,71.32,32.27
30/07/2022 3:00,22.5,2.7,12.6,16.78,26.78,,
30/07/2022 3:15,22.5,2.6,12.6,16.78,26.78,71.32,32.27
30/07/2022 3:30,22.5,2.6,12.6,16.78,26.78,71.32,32.27
30/07/2022 3:45,22.5,2.6,,16.78,26.78,71.32,32.27
30/07/2022 4:00,22.5,2.7,12.2,16.78,26.78,71.32,32.27
30/07/2022 4:15,22.5,2.7,12.5,16.78,26.78,71.32,32.27
30/07/2022 4:30,22.5,2.6,12.2,16.78,26.78,71.32,32.27
30/07/2022 4:45,22.5,2.7,,16.78,26.78,71.32,32.27
30/07/2022 5:00,22.5,2.7,12.3,16.78,26.78,,
30/07/2022 5:15,22.5,2.7,12.2,16.78,26.78,71.82,31.76
30/07/2022 5:30,22.5,2.7,12.5,16.78,26.78,72.32,31.25
30/07/2022 5:45,22.5,2.6,,16.78,26.78,,
30/07/2022 6:00,22.5,2.7,12.4,16.78,26.78,72.32,31.25
30/07/2022 6:15,22.5,2.6,12.2,16.78,26.78,68.27,31.75
30/07/2022 6:30,22.5,2.7,12.4,16.78,26.78,64.25,33.26
30/07/2022 6:45,22.5,2.7,12.3,16.78,26.78,,
30/07/2022 7:00,22,2.7,,16.78,26.78,63.22,33.26
30/07/2022 7:15,22,2.7,12.3,16.78,26.78,58.16,33.76
30/07/2022 7:30,22,2.7,12.4,16.78,26.78,,
30/07/2022 7:45,22,2.7,12.4,16.78,26.78,54.15,34.27
30/07/2022 8:00,22,2.6,,16.78,26.78,52.1,34.27
30/07/2022 8:15,21.5,2.6,12.6,16.78,26.78,50.59,35.29
30/07/2022 8:30,21.5,2.6,12.4,16.78,26.78,,
30/07/2022 8:45,21.5,2.6,,16.78,26.78,49.09,35.8
30/07/2022 9:00,21.5,2.6,12.6,16.78,26.78,48.09,36.31
30/07/2022 9:15,21.5,2.6,12.8,16.78,26.78,46.06,37.34
30/07/2022 9:30,22,2.6,13.1,16.78,26.78,,
30/07/2022 9:45,21.5,2.8,12.9,16.78,27.78,46.06,37.34
30/07/2022 10:00,21.5,2.8,12.9,16.78,27.78,45.06,37.34
30/07/2022 10:15,22,2.8,12.8,16.78,27.78,43.55,37.85
30/07/2022 10:30,22,2.8,,16.78,27.78,42.01,38.36
30/07/2022 10:45,22,3.1,12.9,16.78,28.78,42.01,38.36
30/07/2022 11:00,22,3,13.1,16.78,28.78,41,39.39
30/07/2022 11:15,22,3,13.1,16.78,28.78,45.05,39.39
30/07/2022 11:30,22,3,13.1,16.78,28.78,48.1,38.38
30/07/2022 11:45,22,3.3,,16.78,29.79,49.11,38.38
30/07/2022 12:00,22,3.2,13.3,16.78,29.79,48.11,38.38
30/07/2022 12:15,22,3.2,13.4,16.78,29.79,,
30/07/2022 12:30,22,3.2,13.4,16.78,29.79,50.17,38.38
30/07/2022 12:45,22,3.2,13.4,16.78,29.79,49.16,37.35
30/07/2022 13:00,22,3.2,13,16.78,29.79,48.65,37.35
30/07/2022 13:15,22,3.5,,16.78,30.79,48.14,37.35
30/07/2022 13:30,22,3.5,13.2,16.78,30.79,51.15,37.35
30/07/2022 13:45,22,3.5,13.4,16.78,30.79,,
30/07/2022 14:00,22,3.5,13.1,16.78,30.79,49.09,37.35
30/07/2022 14:15,22,3.5,,16.78,30.79,,
30/07/2022 14:30,22,3.5,13.3,16.78,30.79,51.58,37.35
30/07/2022 14:45,22.5,3.5,13.1,16.78,30.79,52.02,37.35
30/07/2022 15:00,22,3.5,,16.78,30.79,52.02,37.35
30/07/2022 15:15,22,3.5,13.3,16.78,30.79,,
30/07/2022 15:30,22,3.5,,16.78,30.79,49,37.35
30/07/2022 15:45,22,3.5,13.4,16.78,30.79,54.53,37.35
30/07/2022 16:00,22,3.5,13.1,16.78,30.79,57.07,36.32
30/07/2022 16:15,22,3.3,13.1,16.78,29.79,57.07,36.32
30/07/2022 16:30,22,3.3,13,16.78,29.79,59.12,36.32
30/07/2022 16:45,22,3.3,12.9,16.78,29.79,58.1,36.32
30/07/2022 17:00,22,3.3,13.1,16.78,29.79,58.1,36.32
30/07/2022 17:15,22,3.3,13.1,16.78,29.79,60.13,35.3
30/07/2022 17:30,22,3.3,12.9,16.78,29.79,62.14,35.3
30/07/2022 17:45,22,3.4,,16.78,29.79,62.14,35.3
30/07/2022 18:00,22,3.4,12.8,16.78,29.79,,
30/07/2022 18:15,22,3.1,12.9,16.78,28.79,60.62,35.3
30/07/2022 18:30,22,3.1,,16.78,28.79,,
30/07/2022 18:45,22.5,3.1,12.8,16.78,28.79,60.12,35.3
30/07/2022 19:00,22.5,3.1,13,16.78,28.79,59.11,35.3
30/07/2022 19:15,22.5,3.1,13,16.78,28.79,56.08,35.3
30/07/2022 19:30,22.5,3.1,12.7,16.78,28.79,54.07,35.3
30/07/2022 19:45,22.5,3.1,12.6,16.78,28.79,55.6,35.3
30/07/2022 20:00,22.5,3.1,12.7,16.78,28.79,55.11,35.3
30/07/2022 20:15,22.5,3.1,12.8,16.78,28.79,54.1,35.3
30/07/2022 20:30,22.5,3.1,12.6,16.78,28.79,54.1,35.3
30/07/2022 20:45,22.5,3.1,12.7,16.78,28.79,54.1,35.3
30/07/2022 21:00,22.5,3.1,12.8,16.78,28.79,,
30/07/2022 21:15,22.5,3.1,,16.78,28.79,55.63,35.3
30/07/2022 21:30,22.5,3.1,12.8,16.78,28.79,56.13,35.3
30/07/2022 21:45,22.5,3.1,12.6,16.78,28.79,56.13,35.3
30/07/2022 22:00,22.5,2.9,12.9,16.78,27.79,56.13,35.3
30/07/2022 22:15,22.5,2.8,12.5,16.78,27.79,56.13,35.3
30/07/2022 22:30,22.5,2.9,12.6,16.78,27.79,,
30/07/2022 22:45,22.5,2.9,12.8,16.78,27.79,55.63,35.3
30/07/2022 23:00,22.5,2.8,12.9,16.78,27.79,55.12,35.3
30/07/2022 23:15,22.5,2.8,,16.78,27.79,55.12,35.3
30/07/2022 23:30,22.5,2.9,12.6,16.78,27.79,55.12,35.3
30/07/2022 23:45,22.5,2.9,12.8,16.78,27.79,55.12,35.3
31/07/2022 0:00,22.5,2.8,,16.78,27.79,55.12,35.3
31/07/2022 0:15,22.5,2.8,12.8,16.78,27.79,55.12,35.3
31/07/2022 0:30,22.5,2.8,12.9,16.78,27.79,55.12,35.3
31/07/2022 0:45,22.5,2.8,12.7,16.78,27.79,,
31/07/2022 1:00,22.5,2.9,12.8,16.78,27.79,55.12,34.29
31/07/2022 1:15,22.5,2.8,12.7,16.78,27.79,,
31/07/2022 1:30,22.5,2.9,,16.78,27.79,57.67,34.29
31/07/2022 1:45,22.5,2.8,12.8,16.78,27.79,59.18,34.29
31/07/2022 2:00,22.5,2.8,12.8,16.78,27.79,61.19,34.29
31/07/2022 2:15,22.5,2.8,12.8,16.78,27.79,62.22,34.29
31/07/2022 2:30,22.5,2.8,12.8,16.78,27.79,,
31/07/2022 2:45,22.5,2.9,12.7,16.78,27.79,63.25,34.29
31/07/2022 3:00,22.5,2.8,12.8,16.78,27.79,,
31/07/2022 3:15,22.5,2.9,12.6,16.78,27.79,63.76,34.29
31/07/2022 3:30,22.5,2.9,12.6,16.78,27.79,64.26,34.29
31/07/2022 3:45,22.5,2.8,12.8,16.78,27.79,64.26,34.29
31/07/2022 4:00,22.5,2.8,12.8,16.78,27.79,64.26,34.29
31/07/2022 4:15,22.5,2.9,12.7,16.78,27.79,64.26,34.29
31/07/2022 4:30,22.5,2.8,12.8,16.78,27.79,64.26,34.29
31/07/2022 4:45,22.5,2.9,12.6,16.78,27.79,64.26,34.29
31/07/2022 5:00,22.5,2.8,12.8,16.78,27.79,64.26,34.29
31/07/2022 5:15,22.5,2.9,12.6,16.78,27.79,64.26,34.29
31/07/2022 5:30,22.5,2.8,12.8,16.78,27.79,,
31/07/2022 5:45,22.5,2.9,12.6,16.78,27.79,63.76,34.29
31/07/2022 6:00,22.5,2.8,12.7,16.78,27.79,58.2,34.29
31/07/2022 6:15,22.5,2.9,12.7,16.78,27.79,54.17,34.29
31/07/2022 6:30,22.5,2.9,12.7,16.78,27.79,51.14,34.29
31/07/2022 6:45,22.5,2.9,12.9,16.78,27.79,50.12,35.32
31/07/2022 7:00,22,2.8,12.5,16.78,27.79,50.12,35.32
31/07/2022 7:15,22,2.9,,16.78,27.79,,
31/07/2022 7:30,22,2.9,12.6,16.78,27.79,47.61,35.83
31/07/2022 7:45,22,2.9,,16.78,27.79,45.09,36.34
31/07/2022 8:00,22,2.9,12.7,16.78,27.79,,
31/07/2022 8:15,22,2.8,,16.78,27.79,43.57,36.86
31/07/2022 8:30,22,2.8,12.9,16.78,27.79,42.04,37.37
31/07/2022 8:45,22,2.8,,16.78,27.79,40.03,38.4
31/07/2022 9:00,22,2.8,13,16.78,27.79,40.03,38.4
31/07/2022 9:15,22,2.7,13.1,16.78,27.79,,
31/07/2022 9:30,22,2.8,13.2,16.78,27.79,37.51,39.42
31/07/2022 9:45,22,2.7,,16.78,27.79,,
31/07/2022 10:00,22,2.9,13.6,16.78,28.79,35.97,40.46
31/07/2022 10:15,22,3,13.3,16.78,28.79,34.45,40.96
31/07/2022 10:30,22,3,13.4,16.78,28.79,31.93,41.46
31/07/2022 10:45,22,3.2,,16.78,29.79,31.93,42.46
31/07/2022 11:00,22,3.1,13.7,16.78,29.79,38.97,40.41
31/07/2022 11:15,22,3.1,,16.78,29.79,43.02,40.41
31/07/2022 11:30,22.5,3.4,13.6,16.78,30.79,38.9,40.41
31/07/2022 11:45,22,3.4,13.6,16.78,30.79,35.87,41.42
31/07/2022 12:00,22.5,0,2.4,16.78,30.79,38.9,41.42
31/07/2022 12:15,22.5,0,,21.8,30.79,,
31/07/2022 12:30,23,0,2.4,25.82,30.79,41.92,40.41
31/07/2022 12:45,23.5,0,2.1,25.82,30.79,40.91,40.41
31/07/2022 13:00,24,0,2.3,26.82,31.79,45.03,39.4
31/07/2022 13:15,24,0,2.4,26.82,31.79,46.54,39.4
31/07/2022 13:30,24,0,,26.82,31.79,44,39.4
31/07/2022 13:45,24.5,0,2.2,26.82,31.79,,
31/07/2022 14:00,24.5,0,2.4,26.82,31.79,45.01,39.4
31/07/2022 14:15,24.5,0,12.1,26.82,31.79,45.49,39.4
31/07/2022 14:30,24,0,2.5,19.77,31.79,44.98,39.4
31/07/2022 14:45,23.5,0,7.9,21.77,31.79,43.96,39.4
31/07/2022 15:00,24,0,4.9,24.8,31.79,,
31/07/2022 15:15,24,0,4.8,26.8,31.79,43.98,39.4
31/07/2022 15:30,24.5,0,,26.8,31.79,44.49,39.4
31/07/2022 15:45,24,3.1,12.7,19.74,31.79,43.95,39.4
31/07/2022 16:15,23.5,3.3,12.2,19.74,31.79,43.44,39.4
31/07/2022 16:30,23.5,0,2.3,21.73,31.79,,
31/07/2022 16:45,23.5,0,5,24.24,31.79,43.95,39.4
31/07/2022 17:00,,,,,,46.98,39.4
31/07/2022 17:15,24,0,5.1,26.74,31.79,44.45,39.4
31/07/2022 17:30,24.5,0,5,26.74,31.79,,
31/07/2022 17:45,24,3.2,12.7,19.67,31.79,42.44,38.38
31/07/2022 18:00,,,,,,42.95,38.38
31/07/2022 18:15,24.3,0,1.2,23.67,31.29,,
31/07/2022 18:30,,,,,,46.48,37.86
31/07/2022 18:45,24.8,0,0.1,26.18,30.79,46.98,37.35
31/07/2022 19:15,25,0,0.1,26.68,30.79,44.96,37.35
31/07/2022 19:30,24.5,0,0.1,26.68,30.79,45.96,37.35
31/07/2022 19:45,24.8,0,0.1,28.18,30.79,,
31/07/2022 20:00,,,,,,46.96,37.35
31/07/2022 20:15,25,0,0.1,27.68,30.79,48.01,37.35
31/07/2022 20:30,25,0,0.1,28.69,30.79,44.97,37.35
31/07/2022 20:45,25,0,0.1,29.19,31.29,44.97,37.35
31/07/2022 21:00,,,,,,44.97,37.35
31/07/2022 21:15,25,0,0.1,29.69,31.79,,
31/07/2022 21:30,25,0,,30.69,31.79,46.98,37.35
31/07/2022 21:45,25,0,0.1,30.19,31.79,45.94,37.35
31/07/2022 22:00,,,0.1,,,44.94,37.35
31/07/2022 22:15,25,0,0.1,30.69,31.79,44.94,37.35
31/07/2022 22:30,25,0,,29.69,31.79,44.94,37.35
31/07/2022 22:45,25,0,0.1,30.19,31.79,44.94,37.35
31/07/2022 23:15,25,0,0.1,30.69,32.8,44.94,37.35
31/07/2022 23:30,25,0,0.1,30.69,32.8,44.94,37.35
31/07/2022 23:45,25,0,0.1,30.19,32.8,,
01/08/2022 0:00,,,0.1,,,44.94,36.32
01/08/2022 0:15,25.5,0,,30.69,32.8,43.93,36.32
01/08/2022 0:30,25,0,0.1,29.69,32.8,41.92,36.32
01/08/2022 0:45,25.3,0,0.1,31.19,32.8,,
01/08/2022 1:00,,,,,,41.92,36.32
01/08/2022 1:15,25,0,0.1,29.69,32.8,42.42,36.32
01/08/2022 1:30,25.5,0,0.1,30.69,32.8,,
01/08/2022 1:45,25.3,0,0.1,31.2,32.8,44.43,36.32
01/08/2022 2:00,,,0.1,,,,
01/08/2022 2:15,25.5,0,0.1,31.7,32.8,47.45,36.32
01/08/2022 2:30,25,0,,30.7,32.8,,
01/08/2022 2:45,25.3,0,0.1,31.21,32.8,48.95,36.32
01/08/2022 3:00,,,0.1,,,52,36.32
01/08/2022 3:15,25,0,0.1,29.71,32.8,53.51,35.3
01/08/2022 3:30,25,0,0.1,30.71,32.8,54.01,35.3
01/08/2022 3:45,25,0,0.1,30.71,32.8,,
01/08/2022 4:00,,,,,,54.01,35.3
01/08/2022 4:15,25.5,0,0.1,30.71,32.8,54.01,35.3
01/08/2022 4:30,25.5,0,0.1,30.72,32.8,54.01,35.3
01/08/2022 4:45,25,0,0.1,30.72,32.8,,
01/08/2022 5:00,,,0.1,,,51.98,35.3
01/08/2022 5:15,25,0,0.1,29.72,32.8,49.97,35.3
01/08/2022 5:30,25,0,,30.72,32.8,,
01/08/2022 5:45,25.3,0,0.1,30.73,32.8,46.92,35.3
01/08/2022 6:00,,,0.1,,,44.91,35.3
01/08/2022 6:15,25.5,0,0.1,30.73,32.8,43.9,36.31
01/08/2022 6:30,25,0,,29.73,32.8,43.9,36.31
01/08/2022 6:45,25.3,0,0.1,30.23,32.8,42.89,36.31
01/08/2022 7:00,,,0.1,,,42.89,37.34
01/08/2022 7:15,25,0,0.1,30.73,32.8,,
01/08/2022 7:30,25,0,0.1,30.73,33.8,40.89,37.34
01/08/2022 7:45,25,0,2.3,30.73,33.8,,
01/08/2022 8:00,,,,,,40.89,37.34
01/08/2022 8:15,25,0,2.3,28.72,33.8,38.84,38.36
01/08/2022 8:30,25,0,2.1,28.72,33.8,38.84,38.36
01/08/2022 8:45,24.5,1.8,12,23.69,32.8,37.83,38.36
01/08/2022 9:00,,,11.9,,,36.83,39.39
01/08/2022 9:15,24,0,7.7,18.65,32.8,35.31,39.9
01/08/2022 9:30,24,0,,23.67,31.79,34.81,40.41
01/08/2022 9:45,24.5,0,4.9,26.68,31.79,,
01/08/2022 10:00,,,13.4,,,34.81,41.42
01/08/2022 10:15,24,0,2.1,19.65,31.79,33.81,41.42
01/08/2022 10:30,24,0,2.1,22.66,31.79,32.77,42.43
01/08/2022 10:45,24,0,2.3,24.66,31.79,32.77,42.43
01/08/2022 11:00,,,,,,31.25,42.43
01/08/2022 11:15,24,0,2.3,23.63,31.79,30.75,43.43
01/08/2022 11:30,24,0,4.7,25.61,31.79,29.75,43.43
01/08/2022 11:45,24.5,0,4.8,26.61,31.79,,
01/08/2022 12:00,,,14,,,29.75,43.43
01/08/2022 12:15,24,3.1,12.7,19.55,32.8,31.78,43.43
01/08/2022 12:30,24,3.4,12.4,19.54,32.8,33.3,42.92
01/08/2022 12:45,23.8,0,2.2,21.06,32.8,37.84,42.42
01/08/2022 13:00,,,7.8,,,37.86,42.42
01/08/2022 13:15,24,0,5.2,24.59,32.8,36.86,42.42
01/08/2022 13:30,24,0,4.9,26.6,32.8,39.87,41.38
01/08/2022 13:45,24.3,1.6,13.7,23.08,32.8,40.9,41.38
01/08/2022 14:00,,,12.4,,,41.92,41.38
01/08/2022 14:15,24,3.5,,19.56,32.8,44.94,40.37
01/08/2022 14:30,24,3.6,12.3,19.53,32.8,44.9,40.37
01/08/2022 14:45,23.5,0,7.2,20.53,32.8,45.91,39.36
01/08/2022 15:00,23,2.8,16.7,18.49,32.8,44.91,39.36
01/08/2022 15:15,23,3.4,13.7,17.48,31.79,43.89,39.36
01/08/2022 15:30,22.5,3.5,13.4,17.48,31.79,40.85,39.36
01/08/2022 15:45,22.5,3.5,13.6,17.48,31.79,39.83,39.36
01/08/2022 16:00,22.5,3.4,13.7,17.48,31.79,39.79,39.36
01/08/2022 16:15,22.5,3.5,13.5,17.48,31.79,41.8,39.36
01/08/2022 16:30,22.5,3.2,13.6,17.48,30.79,42.81,39.36
01/08/2022 16:45,22.5,3.2,13.6,17.48,30.79,43.81,39.36
01/08/2022 17:00,22.5,3.3,13.4,17.48,30.79,43.8,39.36
01/08/2022 17:15,22.5,3.6,13.3,16.48,30.79,43.79,39.36
01/08/2022 17:30,22.5,3.5,13.5,16.48,30.79,43.79,39.36
01/08/2022 17:45,22.5,0,5.1,22.51,30.79,43.79,39.36
01/08/2022 18:00,23,3.4,11.9,18.45,30.79,44.8,38.36
01/08/2022 18:15,22.5,3.7,11.8,17.45,30.79,45.8,38.36
01/08/2022 18:30,22.5,3.3,13.2,16.45,29.78,45.76,38.36
01/08/2022 18:45,22.5,3.3,13.2,16.45,29.78,43.74,38.36
01/08/2022 19:00,22.5,3.4,13,16.45,29.78,42.73,38.36
01/08/2022 19:15,22.5,3.4,13,16.45,29.78,46.75,38.36
01/08/2022 19:30,22.5,0,4.6,20.46,28.78,46.75,38.36
01/08/2022 19:45,23.5,0,4.8,24.48,28.78,43.73,38.36
01/08/2022 20:00,22.5,2.9,13.1,17.43,28.78,40.71,38.36
01/08/2022 20:15,22.5,3.1,13,16.43,28.78,40.71,38.36
01/08/2022 20:30,22.5,3.1,13.2,16.43,28.78,40.71,38.36
01/08/2022 20:45,22.5,3.1,12.9,16.43,28.78,40.71,38.36
01/08/2022 21:00,22.5,3.1,12,17.43,28.78,40.71,38.36
01/08/2022 21:15,22.5,0,5.1,20.45,28.78,41.73,38.36
01/08/2022 21:30,23,2.6,13.3,18.4,28.78,41.73,38.36
01/08/2022 21:45,22.5,2.8,13.3,17.4,28.78,41.75,38.36
01/08/2022 22:00,22.5,3.1,13.1,16.4,28.78,41.75,38.36
01/08/2022 22:15,22.5,3.1,13,16.4,28.78,41.75,38.36
01/08/2022 22:30,22.5,3.1,13.1,16.4,28.78,42.75,38.36
01/08/2022 22:45,22.5,3.2,12.9,16.4,28.78,42.75,38.36
01/08/2022 23:00,22.5,3.1,13,16.4,28.78,41.75,37.35
01/08/2022 23:15,22.5,3.2,12.9,16.4,28.78,41.75,37.35
01/08/2022 23:30,22.5,3.1,13.1,16.4,28.78,41.75,37.35
01/08/2022 23:45,22.5,3.1,13.2,16.4,28.78,41.75,37.35
02/08/2022 0:00,22.5,3.1,13.1,16.4,28.78,41.75,37.35
02/08/2022 0:15,22.5,3.1,13.2,16.4,28.78,42.75,37.35
02/08/2022 0:30,22,2.9,10.6,19.42,28.78,42.75,37.35
02/08/2022 0:45,22.5,0,4.9,23.43,28.78,42.75,37.35
02/08/2022 1:00,23,2.6,13.4,18.39,28.78,42.75,37.35
02/08/2022 1:15,22.5,3.1,13,16.38,28.78,41.75,37.35
02/08/2022 1:30,22.5,3.1,13.1,16.38,28.78,41.75,37.35
02/08/2022 1:45,22.5,3.1,13.2,16.38,28.78,41.75,37.35
02/08/2022 2:00,22.5,3.1,13.1,16.38,28.78,41.75,36.32
02/08/2022 2:15,22.5,3.1,13.1,16.38,28.78,40.74,36.32
02/08/2022 2:30,22.5,0,2.3,20.4,28.78,41.8,36.32
02/08/2022 2:45,22.5,3.5,11.6,16.38,28.78,42.81,36.32
02/08/2022 3:00,22.5,0,5,23.42,28.78,43.81,36.32
02/08/2022 3:15,23,2.7,12.8,18.35,28.78,44.82,36.32
02/08/2022 3:30,22.5,3.2,12.9,16.35,28.78,44.82,36.32
02/08/2022 3:45,22.5,3.2,12.8,16.35,28.78,45.83,35.3
02/08/2022 4:00,22.5,3.2,13,16.35,28.78,45.83,35.3
02/08/2022 4:15,22.5,3.2,12.8,16.35,28.78,44.8,35.3
02/08/2022 4:30,22.5,3.2,11.6,16.36,27.77,44.8,35.3
02/08/2022 4:45,22.5,0,7.7,20.39,27.77,44.8,35.3
02/08/2022 5:00,23,0,5,24.39,27.77,,
02/08/2022 5:15,23,2.6,13,17.33,27.77,44.8,35.3
02/08/2022 5:30,22.5,3,12.7,16.33,27.77,44.8,35.3
02/08/2022 5:45,22.5,2.9,12.8,16.33,27.77,44.8,35.3
02/08/2022 6:00,22.5,2.9,13,16.33,27.77,44.8,35.3
02/08/2022 6:15,22.5,0,2.2,18.34,27.77,44.8,35.3
02/08/2022 6:30,22.5,3.3,11.5,16.34,27.77,43.79,36.31
02/08/2022 6:45,22.5,0,2.2,19.35,27.77,42.77,36.31
02/08/2022 7:00,23,0,5,23.36,27.77,42.77,37.34
02/08/2022 7:15,22.5,2.6,13.1,17.31,27.77,41.77,38.36
02/08/2022 7:30,22.5,2.6,10.7,19.3,27.77,40.77,38.36
02/08/2022 7:45,22.5,2.4,11.7,19.29,27.77,40.77,38.36
02/08/2022 8:00,22.5,0,2.4,16.28,27.77,40.77,38.36
02/08/2022 8:15,23,0,4.8,24.32,27.77,40.77,38.36
02/08/2022 8:30,23,2.4,13.2,18.28,27.77,37.71,39.39
02/08/2022 8:45,22.5,2.7,13,17.28,27.77,36.71,40.41
02/08/2022 9:00,22.5,2.9,13.1,17.28,28.77,35.69,40.41
02/08/2022 9:15,22.5,2.9,11.9,18.27,28.77,35.69,41.42
02/08/2022 9:30,22.5,0,2.2,20.28,28.77,35.69,41.42
02/08/2022 9:45,23.5,1.2,12.8,24.29,28.77,33.68,41.42
02/08/2022 10:00,22.5,2.6,13.4,18.26,28.77,33.68,42.43
02/08/2022 10:15,22.5,3,13.6,17.25,29.78,33.65,42.43
02/08/2022 10:30,22.5,3,13.6,17.25,29.78,34.69,42.43
02/08/2022 10:45,22.5,3.4,12.3,18.27,30.78,34.72,42.43
02/08/2022 11:00,22.5,3.6,12.2,17.27,30.78,34.72,42.43
02/08/2022 11:15,22.5,0,5.1,23.28,30.78,35.73,41.42
02/08/2022 11:30,23.5,3,13.9,19.22,31.78,35.73,41.42
02/08/2022 11:45,22.5,3.2,13.8,18.21,31.78,34.72,41.42
02/08/2022 12:00,22.5,3.2,13.9,18.21,31.78,36.75,41.42
02/08/2022 12:15,22.5,3.5,13.8,17.21,31.78,36.75,41.42
02/08/2022 12:30,22.5,3.5,13.6,17.21,31.78,37.75,41.42
02/08/2022 12:45,22.5,0,2.3,20.23,31.78,37.75,40.41
02/08/2022 13:00,23.5,2.4,13.2,22.21,31.78,38.76,40.41
02/08/2022 13:15,22.5,3.3,13.7,18.2,31.78,42.77,40.41
02/08/2022 13:30,22.5,3.3,13.6,18.2,31.78,43.79,40.41
02/08/2022 13:45,22.5,3.4,13.3,18.2,31.78,43.78,40.41
02/08/2022 14:00,22.5,3.3,13.6,18.2,31.78,43.78,40.41
02/08/2022 14:15,22.5,3.6,13.3,17.19,31.78,41.77,40.41
02/08/2022 14:30,22.5,3.6,13.4,17.19,31.78,40.76,40.41
02/08/2022 14:45,22.5,3.6,13.4,17.19,31.78,41.8,40.41
02/08/2022 15:00,22.5,3.5,13.6,17.19,31.78,41.8,40.41
02/08/2022 15:15,22.5,3.6,13.5,17.19,31.78,41.8,40.41
02/08/2022 15:30,22.5,3.6,13.3,17.19,31.78,43.83,40.41
02/08/2022 15:45,22.5,3.5,13.6,17.19,31.78,44.84,39.4
02/08/2022 16:00,22.5,3.6,13.5,17.19,31.78,44.82,39.4
02/08/2022 16:15,22.5,3.3,13.5,17.19,30.78,45.82,39.4
02/08/2022 16:30,22.5,3.3,13.5,17.19,30.78,46.83,39.4
02/08/2022 16:45,22.5,3.4,13.4,17.19,30.78,47.83,39.4
02/08/2022 17:00,22.5,3.3,13.6,17.19,30.78,49.84,39.4
02/08/2022 17:15,22.5,3.3,13.5,17.19,30.78,49.79,38.38
02/08/2022 17:30,22.5,3.3,13.5,17.19,30.78,50.79,38.38
02/08/2022 17:45,22.5,0,2.4,20.21,30.78,50.79,38.38
02/08/2022 18:00,22.5,3.5,11.9,18.21,30.78,49.79,38.38
02/08/2022 18:15,22.5,0,2.4,21.23,29.78,48.74,38.38
02/08/2022 18:30,23.5,2.3,13.6,20.2,29.78,51.77,37.35
02/08/2022 18:45,22.5,2.9,13.3,18.2,29.78,49.76,37.35
02/08/2022 19:00,22.5,2.9,13,18.2,29.78,47.69,37.35
02/08/2022 19:15,22.5,3.2,13.1,17.19,29.78,47.7,37.35
02/08/2022 19:30,22.5,3.2,13.1,17.19,29.78,48.7,37.35
02/08/2022 19:45,22.5,3.2,13,17.19,29.78,50.71,37.35
02/08/2022 20:00,22.5,3.1,13.3,17.19,29.78,50.71,37.35
02/08/2022 20:15,22.5,2.9,13.1,17.19,28.77,48.68,37.35
02/08/2022 20:30,22.5,2.9,13.1,17.19,28.77,46.67,37.35
02/08/2022 20:45,22.5,2.9,13.1,17.19,28.77,44.65,37.35
02/08/2022 21:00,22.5,2.9,13.2,17.19,28.77,43.65,37.35
02/08/2022 21:15,22.5,2.9,13.1,17.19,28.77,41.64,37.35
02/08/2022 21:30,22.5,2.9,13.2,17.19,28.77,39.59,37.35
02/08/2022 21:45,22.5,2.9,13.3,17.19,28.77,39.59,37.35
02/08/2022 22:00,22.5,3,12.9,17.19,28.77,42.61,37.35
02/08/2022 22:15,22.5,2.9,13.1,17.19,28.77,44.64,37.35
02/08/2022 22:30,23,0,4.8,24.22,28.77,46.66,37.35
02/08/2022 22:45,23,2.7,13.1,18.18,28.77,47.67,37.35
02/08/2022 23:00,22.5,2.9,13.3,17.18,28.77,47.67,37.35
02/08/2022 23:15,22.5,2.9,13.1,17.18,28.77,48.67,37.35
02/08/2022 23:30,22.5,2.9,13.1,17.18,28.77,47.65,37.35
02/08/2022 23:45,22.5,3,12.9,17.18,28.77,47.65,37.35
03/08/2022 0:00,22.5,3,12.9,17.18,28.77,47.65,37.35
03/08/2022 0:15,22.5,2.9,13.1,17.18,28.77,50.69,36.32
03/08/2022 0:30,22.5,3,12.8,17.18,28.77,50.69,36.32
03/08/2022 0:45,22.5,3,11.7,18.18,28.77,49.66,36.32
03/08/2022 1:00,22.5,3.3,11.6,17.18,28.77,49.66,36.32
03/08/2022 1:15,22.5,0,2.3,20.2,28.77,49.66,36.32
03/08/2022 1:30,23.5,2.4,13,19.17,28.77,49.66,36.32
03/08/2022 1:45,22.5,2.7,13.2,18.17,28.77,50.66,36.32
03/08/2022 2:00,22.5,3,12.9,17.17,28.77,50.66,36.32
03/08/2022 2:15,22.5,3,13,17.17,28.77,50.66,36.32
03/08/2022 2:30,22.5,2.9,13.1,17.17,28.77,50.66,36.32
03/08/2022 2:45,22.5,2.9,13.1,17.17,28.77,50.66,36.32
03/08/2022 3:00,22.5,2.9,13.1,17.17,28.77,50.66,36.32
03/08/2022 3:15,22.5,2.7,13,17.17,27.77,50.66,36.32
03/08/2022 3:30,23,0,4.9,24.19,27.77,50.66,36.32
03/08/2022 3:45,23,2.4,13.1,18.17,27.77,50.66,36.32
03/08/2022 4:00,22.5,2.7,12.8,17.17,27.77,50.66,35.3
03/08/2022 4:15,22.5,2.7,13.1,17.17,27.77,51.68,35.3
03/08/2022 4:30,22.5,2.7,12.9,17.17,27.77,51.68,35.3
03/08/2022 4:45,22.5,2.7,13,17.17,27.77,51.68,35.3
03/08/2022 5:00,22.5,2.7,12.9,17.17,27.77,51.68,35.3
03/08/2022 5:15,22.5,2.7,13,17.17,27.77,51.68,35.3
03/08/2022 5:30,22.5,3,12.8,16.16,27.77,51.68,35.3
03/08/2022 5:45,22.5,3,12.9,16.16,27.77,50.65,35.3
03/08/2022 6:00,22.5,3,12.7,16.16,27.77,48.65,36.31
03/08/2022 6:15,22.5,0,5,21.19,27.77,45.58,37.34
03/08/2022 6:30,23.5,2.2,13.1,19.17,27.77,44.55,37.34
03/08/2022 6:45,22.5,2.7,12.9,17.16,27.77,41.53,38.36
03/08/2022 7:00,22.5,0,2.2,18.17,27.77,40.52,38.36
03/08/2022 7:15,22.5,3,11.6,17.16,27.77,40.52,38.36
03/08/2022 7:30,22.5,0,2.4,17.16,27.77,38.49,39.39
03/08/2022 7:45,23,0,4.9,24.18,27.77,38.49,39.39
03/08/2022 8:00,22.5,2.6,13.3,18.16,28.77,36.46,39.39
03/08/2022 8:15,22.5,2.9,13.4,17.16,28.77,35.46,39.39
03/08/2022 8:30,22.5,0,4.9,22.19,28.77,33.44,40.41
03/08/2022 8:45,23,2.6,13.5,18.16,28.77,32.44,41.42
03/08/2022 9:00,22.5,2.8,13.4,17.16,28.77,31.4,41.42
03/08/2022 9:15,22.5,2.8,13.5,17.16,28.77,31.4,41.42
03/08/2022 9:30,22.5,2.8,13.9,17.16,28.77,31.4,42.43
03/08/2022 9:45,22.5,3,12.5,18.18,29.77,32.41,42.43
03/08/2022 10:00,22.5,3.3,12.6,17.17,29.77,32.41,42.43
03/08/2022 10:15,22.5,0,2.3,20.18,29.77,31.4,43.43
03/08/2022 10:30,23,2.1,13.6,22.16,30.77,30.39,43.43
03/08/2022 10:45,22.5,3,14,18.14,30.77,30.39,43.43
03/08/2022 11:00,22.5,3,13.9,18.14,30.77,29.38,43.43
03/08/2022 11:15,22.5,3.2,13.9,18.14,31.78,29.38,43.43
03/08/2022 11:30,22.5,3.4,14.2,17.14,31.78,29.38,43.43
03/08/2022 11:45,22.5,3.5,14,17.14,31.78,29.38,43.43
03/08/2022 12:00,22.5,3.4,14.1,17.14,31.78,30.4,43.43
03/08/2022 12:15,22.5,3.4,14,17.14,31.78,31.4,42.42
03/08/2022 12:30,22.5,3.5,13.9,17.14,31.78,32.4,42.42
03/08/2022 12:45,22.5,3.5,13.9,17.14,31.78,36.46,41.38
03/08/2022 13:00,22.5,0,4.8,23.18,31.78,38.45,41.38
03/08/2022 13:15,23,3.1,13.6,19.15,31.78,36.45,41.38
03/08/2022 13:30,22.5,3.3,13.8,18.14,31.78,42.62,40.37
03/08/2022 13:45,22.5,3.3,13.7,18.14,31.78,46.65,39.36
03/08/2022 14:00,22.5,3.5,13.7,17.14,31.78,44.6,39.36
03/08/2022 14:15,22.5,3.6,13.6,17.14,31.78,43.58,39.36
03/08/2022 14:30,22.5,3.5,13.6,17.14,31.78,41.55,39.36
03/08/2022 14:45,22.5,3.5,13.6,17.14,31.78,43.56,39.36
03/08/2022 15:00,22.5,3.3,13.6,17.14,30.78,46.59,39.36
03/08/2022 15:15,,,,,,46.61,39.36
03/08/2022 15:30,22.5,3.3,13.4,17.14,30.78,49.58,39.36
03/08/2022 15:45,22.5,3.3,13.6,17.14,30.78,50.61,39.36
03/08/2022 16:00,22.5,3.3,13.5,17.14,30.78,50.66,38.36
03/08/2022 16:15,22.5,0,2.3,19.15,30.78,53.76,38.36
03/08/2022 16:30,23.5,0,9.1,24.17,30.78,54.77,38.36
03/08/2022 16:45,22.5,3.1,13.3,18.15,30.78,52.82,38.36
03/08/2022 17:00,22.5,3.4,13.4,17.15,30.78,51.82,38.36
03/08/2022 17:15,22.5,3.4,13.3,17.15,30.78,52.84,38.36
03/08/2022 17:30,22.5,3.4,13.4,17.15,30.78,54.9,37.35
03/08/2022 17:45,22.5,3.2,12.1,18.16,29.78,54.82,37.35
03/08/2022 18:00,22.5,3.5,11.8,17.16,29.78,54.82,37.35
03/08/2022 18:15,22.5,0,2.1,22.18,29.78,56.85,37.35
03/08/2022 18:30,23,2.6,13.5,19.15,29.78,54.8,37.35
03/08/2022 18:45,22.5,2.9,13.2,18.15,29.78,55.84,37.35
03/08/2022 19:00,22.5,3.2,13.1,17.15,29.78,58.85,37.35
03/08/2022 19:15,22.5,3.2,12.9,17.15,29.78,59.86,37.35
03/08/2022 19:30,22.5,3,13,17.15,28.77,60.87,37.35
03/08/2022 19:45,22.5,3,12.9,17.15,28.77,60.87,37.35
03/08/2022 20:00,22.5,3,12.9,17.15,28.77,59.84,36.32
03/08/2022 20:15,22.5,0,2.2,20.16,28.77,59.84,36.32
03/08/2022 20:30,23.5,0,4.9,24.16,28.77,58.83,36.32
03/08/2022 20:45,22.5,2.7,13.1,18.12,28.77,58.83,36.32
03/08/2022 21:00,22.5,2.9,13.2,17.12,28.77,55.82,36.32
03/08/2022 21:15,22.5,2.9,13.1,17.12,28.77,55.82,36.32
03/08/2022 21:30,22.5,2.9,13.1,17.12,28.77,55.82,36.32
03/08/2022 21:45,22.5,2.9,13.1,17.12,28.77,55.82,36.32
03/08/2022 22:00,22.5,2.9,13.1,17.12,28.77,56.84,36.32
03/08/2022 22:15,22.5,2.9,13.1,17.12,28.77,56.84,36.32
03/08/2022 22:30,22.5,3,12.9,17.12,28.77,56.84,36.32
03/08/2022 22:45,22.5,3,11.6,18.13,28.77,56.84,36.32
03/08/2022 23:00,22.5,3.3,11.6,17.12,28.77,56.84,36.32
03/08/2022 23:15,22.5,0,2.3,20.13,27.77,54.83,36.32
03/08/2022 23:30,23,1.7,12.7,21.12,27.77,53.83,36.32
03/08/2022 23:45,22.5,2.4,13.2,18.1,27.77,53.83,36.32
04/08/2022 0:00,22.5,2.7,12.9,17.1,27.77,53.83,36.32
04/08/2022 0:15,22.5,2.7,13,17.1,27.77,54.85,36.32
04/08/2022 0:30,22.5,2.7,12.9,17.1,27.77,56.9,36.32
04/08/2022 0:45,22.5,2.7,12.9,17.1,27.77,57.9,36.32
04/08/2022 1:00,22.5,2.7,12.8,17.1,27.77,56.89,35.3
04/08/2022 1:15,22.5,0,2.4,20.11,27.77,56.89,35.3
04/08/2022 1:30,23,0,4.8,24.13,27.77,60.9,35.3
04/08/2022 1:45,23,2.5,12.7,18.09,27.77,56.85,35.3
04/08/2022 2:00,22.5,2.7,13.1,17.09,27.77,53.83,35.3
04/08/2022 2:15,22.5,2.7,13.1,17.09,27.77,54.85,35.3
04/08/2022 2:30,22.5,2.7,13.1,17.09,27.77,55.86,35.3
04/08/2022 2:45,22.5,2.7,12.9,17.09,27.77,56.87,35.3
04/08/2022 3:00,22.5,2.8,12.8,17.09,27.77,59.92,35.3
04/08/2022 3:15,22.5,2.7,11.6,18.09,27.77,63,35.3
04/08/2022 3:30,22.5,3,11.6,17.08,27.77,65,35.3
04/08/2022 3:45,22,2.7,12.9,17.08,27.77,66.02,35.3
04/08/2022 4:00,22.5,0,5.1,24.11,27.77,61.96,35.3
04/08/2022 4:15,23,2.5,13,18.06,27.77,62.98,35.3
04/08/2022 4:30,22.5,2.5,12.9,18.06,27.77,60.95,35.3
04/08/2022 4:45,22.5,2.8,12.8,17.06,27.77,63.98,35.3
04/08/2022 5:00,22.5,2.8,12.8,17.06,27.77,63.98,35.3
04/08/2022 5:15,22.5,0,2.2,20.08,27.77,63.98,35.3
04/08/2022 5:30,23,0,4.7,24.09,27.77,64.99,35.3
04/08/2022 5:45,22.5,2.5,13,18.07,27.77,64.99,35.3
04/08/2022 6:00,22.5,2.8,12.8,17.07,27.77,64.99,35.3
04/08/2022 6:15,22.5,2.7,12.9,17.07,27.77,64.99,35.3
04/08/2022 6:30,22.5,2.8,12.8,17.07,27.77,66,35.3
04/08/2022 6:45,22.5,0,4.9,21.08,27.77,66,35.3
04/08/2022 7:00,23,0,5,24.08,27.77,63.96,35.3
04/08/2022 7:15,22.5,2.5,13,18.05,27.77,60.94,36.31
04/08/2022 7:30,22.5,2.5,12.8,18.05,27.77,56.88,37.34
04/08/2022 7:45,22.5,2.7,13.1,17.05,27.77,53.87,38.36
04/08/2022 8:00,22.5,2.8,11.6,18.05,27.77,52.86,38.36
04/08/2022 8:15,22.5,2.7,11.9,18.05,27.77,,
04/08/2022 8:30,22.5,0,4.7,22.07,27.77,,
04/08/2022 8:45,23.5,1.9,13.3,21.04,28.77,,
04/08/2022 9:00,22.5,2.6,13.4,18.03,28.77,,
04/08/2022 9:15,22.5,2.6,13.7,18.03,28.77,,
04/08/2022 9:30,22.5,2.6,13.8,18.03,28.77,,
